key,sno,sv,cm,noc,rm
00A001,644,M,S,1,
00A002,644,M,S,1,
00A003,644,M,S,1,
00A004,644,M,S,1,
00A005,644,H,S,1,
00A006,644,H,G,,
00A007,602,M,G,,
00A008,603,L,G,,
00A009,601,L,G,,
00A010,604,M,S,1,
00A011,604,H,S,1,
00A012,604,L,S,3,
00A013,604,L,G,,
00A014,605,L,G,,"Unit too large, recollected as 07A139-142"
00A015,606,M,S,1,
00A016,606,M,G,,
00A017,607,M,G,,
00A018,608,L,G,,"Unit too large, recollected as 06A018-023"
00A019,609,L,G,,
00A020,610,L,G,,"Unit too large, recollected as 07A107-113"
00A021,611,L,G,,"Unit too large, recollected as 07A0118-120"
00A022,612,L,G,,"Unit too large, recollected as 07A114-117"
00A023,613,M,G,,
00A024,614,L,G,,"Unit too large, recollected as 07A121-130"
00A025,615,L,G,,Stone slab grave
00A026,616,L,G,,
00A027,617,L,G,,"Stone slab grave; unit too large, recollected as 07A131-133,135"
00A028,618,L,G,,"Unit too large, recollected as 07A100-102"
00A029,619,M,G,,
00A030,619,M,G,,
00A031,619,M,G,,
00A032,619,L,G,,
00A033,627,L,G,,
00A034,627,L,G,,
00A035,628,L,G,,
00A036,628,L,G,,
00A037,629,H,G,,
00A038,630,H,G,,
00A039,631,H,G,,
00A040,632,H,G,,
00A041,760, ,G,,
00A042,760,H,G,,
00A043,761,H,G,,
00A044,761,H,G,,
00A045,762,H,G,,
00A046,762,H,G,,
00A047,763,H,S,1,
00A048,763,H,S,3,
00A049,763,H,G,,
00A050,763,H,G,,
00A051,764,H,G,,
00A052,764,H,G,,
00A053,764,H,G,,
00A054,765,H,G,,
00A055,765,H,G,,
00A056,765,H,G,,
00A057,765,H,G,,
00A058,765,H,G,,
00A059,765,H,G,,
00A060,766,H,G,,
00A061,769,H,G,,"Unit too large, recollected as 07A084-086"
00A062,767,H,G,,
00A063,767,H,G,,
00A064,767,H,G,,
00A065,768,H,G,,"Unit too large, recollected as 07A098, 099"
00A066,768,H,G,,"Unit too large, recollected as 07A092-095"
00A067,768,H,G,,"Unit too large, recollected as 07A089"
00A068,768,H,G,,"Unit too large, recollected as 07A089-091"
00A069,768,H,G,,"Unit too large, recollected as 07A096, 097"
00A070,769,H,G,,"Unit too large, recollected as 07A077-081, 088"
00A071,769,H,G,,"Unit too large, recollected as 07A082"
00A072,769,H,G,,"Unit too large, recollected as 07A083, 087"
00A073,770,H,G,,
00A074,771,H,G,,
00A075,772,H,G,,
00A076,772,H,G,,
00A077,773,H,G,,
00A078,773,H,G,,
00A079,775,H,G,,Stone slab grave
00A080,776,H,G,,
00A081,776,H,G,,
00A082,776,H,G,,
00A083,776,H,G,,
00A084,776,H,G,,
00A085,776,H,G,,
00A086,776,H,G,,
00A087,777,H,G,,
00A088,773,H,G,,
00A089,778,H,G,,
00A090,779,H,G,,
00A091,779,H,G,,
00A092,831,H,G,,
00A093,832,H,G,,
00A094,832,H,G,,
00A095,833,H,G,,
00A096,834,H,G,,
00A097,834,H,G,,
00A098,834,H,G,,
00A099,834,H,G,,
00A100,835,H,G,,
00A101,835,H,G,,
00A102,835,H,G,,
00A103,835,H,G,,
00A104,836,M,G,,
00A105,837,H,G,,
00A106,837,H,G,,
00A107,837,H,G,,
00A108,837,H,G,,
00A109,838,H,G,,
00A110,839,H,G,,
00A111,839,H,G,,
00A112,840,H,G,,
00A113,840,H,G,,
00A114,840,H,G,,
00A115,841,H,G,,
00A116,841,H,G,,
00A117,841,H,G,,
00A118,842,H,G,,
00A119,842,H,G,,
00A120,842,H,G,,
00A121,843,H,G,,
00A122,843,H,G,,
00A123,844,H,G,,
00A124,844,H,G,,
00A125,845,H,G,,
00A126,846,H,G,,
00A127,846,H,G,,
00A128,847,H,G,,
00A129,848,H,G,,
00A130,848,H,G,,
00A131,848,H,G,,
00A132,849,H,G,,
00A133,850,H,G,,
00A134,850,H,G,,
00A135,850,H,G,,
00A136,850,H,G,,
00A137,850,H,G,,
00A138,851,H,G,,
00A139,851,H,G,,
00A140,852,H,G,,
00A141,852,H,G,,
00A142,853,H,G,,
00A143,853,H,G,,
00A144,854,H,G,,
00A145,854,H,G,,
00A146,855,H,G,,
00A147,856,H,G,,
00A148,856,H,G,,
00A149,857,H,G,,
00A150,857,H,G,,
00A151,853,H,G,,
00A152,858,H,G,,
00A153,859,H,G,,
00A154,859,H,G,,
00A155,859,H,G,,
00A156,859,H,G,,
00A157,937,H,G,,
00A158,937,H,G,,
00A159,938,H,G,,
00A160,939,H,G,,
00A161,940,H,G,,
00A162,940,H,G,,
00A163,941,H,G,,
00A164,941,H,G,,
00A165,941,H,G,,
00A166,941,H,G,,
00A167,942,H,G,,
00A168,943,H,G,,
00A169,943,H,G,,
00A170,943,H,G,,
00A171,943,H,G,,
00A172,944,H,G,,
00A173,944,H,G,,
00A174,944,H,G,,
00A175,944,H,G,,
00A176,944,H,G,,
00A177,945,H,G,,
00A178,946,H,G,,"Unit too large, recollected as 07A071-076"
00A179,947,H,G,,
00A180,948,H,G,,
00A181,859,H,G,,
00A182,859,H,G,,
00A183,859,H,G,,
00A184,935,H,G,,
00A185,935,H,G,,
00A186,936,H,G,,
00A187,936,H,G,,
00A188,936,H,G,,
00A189,949,H,G,,
00A190,950,H,G,,
00A191,950,H,G,,
00A192,950,H,G,,
00A193,950,H,G,,
00A194,950,H,G,,
00A195,951,H,G,,
00A196,951,H,G,,
00A197,951,H,G,,
00A198,952,H,G,,
00A199,952,H,G,,
00A200,953,H,G,,
00A201,954,H,G,,
00A202,955,H,G,,
00A203,956,H,G,,
00A204,957,H,G,,
00A205,958,H,G,,
00A206,959,H,G,,
00A207,960,H,G,,
00A208,774, , ,,No artifacts present
00A209,961,H,G,,
00A210,961,H,G,,
00B001,701,H,G,,
00B002,702,H,G,,
00B003,703,H,G,,
00B004,703,H,G,,
00B005,703,H,G,,
00B006,704,H,G,,
00B007,705,H,G,,
00B008,706,H,G,,
00B009,707,H,G,,
00B010,708,H,G,,
00B011,709,H,G,,"A pile of stones, possibly a grave"
00B012,709,H,G,,"A pile of stones, possibly a grave"
00B013,709,H,G,,
00B014,709,H,G,,
00B015,709,H,G,,
00B016,709,H,G,,Stone slab graves (disturbed)
00B017,709,H,G,,Stone slab graves
00B018,709,H,G,,Stone slab graves
00B019,709,H,G,,Within the site wall
00B020,710,M,G,,
00B021,710,M,G,,
00B022,710,M,G,,
00B023,710,H,G,,
00B024,710,H,G,,Has stone piles
00B025,711,H,G,,
00B026,712,M,G,,
00B027,713,H,G,,
00B028,714,H,G,,
00B029,715,H,S,1,
00B030,715,H,S,3,
00B031,715,H,G,,
00B032,716,H,G,,
00B033,717,H,G,,
00B034,717,H,G,,
00B035,717,H,G,,2 Upper XJD stone slab graves
00B036,718,H,G,,
00B037,718,H,G,,
00B038,717,H,G,,
00B039,719,H,G,,
00B040,720,H,G,,
00B041,721,H,G,,
00B042,722,H,G,,
00B043,723,H,G,,
00B044,724,H,G,,10 Upper XJD stone slab graves
00B045,725,H,G,,
00B046,725,H,G,,
00B047,740,H,G,,
00B048,740,H,G,,
00B049,741,H,G,,
00B050,741,H,G,,
00B051,741,H,G,,
00B052,741,H,G,,
00B053,741,H,G,,15 Upper XJD graves
00B054,741,H,G,,
00B055,741,H,G,,
00B056,741,H,S,3,
00B057,741,H,G,,
00B058,741,H,G,,
00B059,741,H,G,,
00B060,741,H,G,,
00B061,741,H,G,,
00B062,741,H,G,,
00B063,618,H,G,,"Unit too large, recollected as 07A103-106"
00B064,742,H,S,3,
00B065,742,H,G,,
00B066,743,H,G,,
00B067,744,H,G,,
00B068,744,H,G,,
00B069,745,H,G,,
00B070,745,H,G,,Several Upper XJD stone slab graves
00B071,746,H,G,,
00B072,747,H,G,,
00B073,748,H,S,2,
00B074,748,H,G,,
00B075,748,H,G,,
00B076,748,H,G,,
00B077,748,H,S,2,"Outside the wall, with stone circles and stone piles"
00B078,749,H,G,,Defensive stone wall
00B079,749,H,G,,
00B080,749,H,G,,
00B081,750,H,G,,
00B082,747,H,G,,
00B083,747,H,S,3,Outside the wall
00B084,747,M,G,,South of the wall is badly damaged
00B085,750,M,G,,Stone pile
00B086,750,M,G,,
00B087,748,H,G,,Burned earth
00B088,748,H,G,,
00B089,748,H,S,1,
00B090,748,H,S,1,
00B091,748,H,S,3,
00B092,751,H,G,,Stone circles
00B093,752,M,G,,Several badly damaged stone slab graves
00B094,753,H,G,,Several stone slab graves
00B095,754,M,G,,"Between stone walls 1 & 2, stone piles"
00B096,754,M,G,,Between the second and third walls
00B097,754,M,S,2,Inside the third wall
00B098,754,H,G,,
00B099,755,H,G,,Stone wall
00B100,755,H,G,,Stone wall
00B101,755,H,G,,Stone slab grave
00B102,755,H,G,,
00B103,756,H,G,,
00B104,756,H,S,2,
00B105,756,H,G,,
00B106,756,H,G,,Burned earth and possible wall
00B107,757,H,G,,
00B108,758,H,G,,
00B109,759,M,G,,"Stone pile, maybe a stone wall"
00B110,759,M,G,,
00B111,759,H,G,,Outside the wall of the site
00B112,759,H,G,,Possible Upper XJD stone slab grave
00B113,759,H,G,,
00B114,759,H,G,,
00B115,759,H,G,,Seriously damaged stone graves
00B116,900,H,G,,
00B117,901,H,G,,Stone piles
00B118,901,H,G,,
00B119,901,H,G,,
00B120,901,H,G,,
00B121,902,H,S,3,
00B122,902,H,S,4,
00B123,902,H,G,,
00B124,902,H,G,,
00B125,902,H,G,,
00B126,902,H,G,,
00B127,902,H,G,,
00B128,902,H,G,,
00B129,902,H,G,,
00B130,902,H,G,,
00B131,903,H,G,,
00B132,903,H,G,,
00B133,903,H,G,,
00B134,904,H,G,,
00B135,905,H,G,,
00B136,906,H,G,,
00B137,907,H,S,1,Inside the stone wall
00B138,907,H,G,,Outside the stone wall
00B139,907,H,S,3,Inside the stone wall
00B140,907,H,G,,
00B141,908,H,S,1,On the slope inside the stone wall
00B142,908,H,G,,Below the slope inside the stone wall
00B143,908,H,G,,Outside the stone wall
00B144,908,H,G,,
00B145,908,H,G,,
00B146,908,H,G,,
00B147,908,H,G,,
00B148,909,H,G,,
00B149,909,H,G,,Stone piles
00B150,908,H,G,,
00B151,908,H,G,,
00B152,908,H,G,,
00B153,908,H,S,3,Outside the wall
00B154,908,H,G,,
00B155,910,H,G,,
00B156,910,H,G,,
00B157,910,H,G,,
00B158,911,H,G,,
00B159,912,H,G,,
00B160,912,H,G,,Possible stone graves
00B161,913,H,G,,
00B162,913,H,G,,
00B163,913,H,G,,
00B164,914,H,G,,
00B165,914,H,G,,2 stone slab graves
00B166,915,H,G,,2 stone graves
00B167,916,H,G,,
00B168,917,H,G,,
00B169,917,H,G,,
00B170,917,H,G,,
00B171,918,H,G,,
00B172,919,H,G,,
00B173,1048,H,G,,
00B174,1047,H,G,,
00B175,980,H,G,,
00B176,981,H,G,,
00B177,982,H, ,,No collection made
00B178,983,H,G,,
00B179,890,H,G,,
00B180,984,H,G,,
00B181,989,H,G,,
00B182,990,H,G,,
00B183,990,H,G,,
00B184,990,H,G,,3 stone slab graves
00B185,984,H,G,,
00B186,985,H,G,,
00B187,985,H,G,,
00B188,986,H,G,,
00B189,986,H,G,,2 stone slab graves
00B190,987,H,G,,Upper XJD stone slab graves
00B191,988,H,G,,
00B192,988,H,G,,
00B193,988,H,G,,
00B194,987,H,G,,
00B195,987,H,G,,
00B196,987,H,G,,Stone slab graves
00B197,990,H,S,1,
00B198,991,H,G,,
00B199,991,H,G,,
00B200,987,H,G,,
00B201,992,H,G,,
00B202,992,H,G,,
00B203,992,H,G,,
00B204,992,H,S,1,
00B205,993,H,G,,Stone slab grave
00B206,993,H,S,2,Outside wall to east
00B207,993,H,G,,Stone slab grave
00B208,993,H,S,2,Inside wall
00B209,993,H,S,2,Outside wall west
00B210,993,H,G,,Outside wall west
00B211,993,H,G,,Stone slab grave north of site
00B212,876,H,G,,
00B213,876,H,G,,
00B214,877,M,G,,
00B215,877,M,G,,
00B216,877,H,G,,
00B217,878,H,G,,
00B218,878,H,G,,
00B219,994,H,G,,
00B220,994,H,G,,
00B221,994,H,G,,
00B222,994,H,G,,
00B223,995,H,G,,
00B224,995,H,G,,
00B225,995,H,G,,
00B226,995,H,G,,
00B227,995,H,G,,Stone slab graves
00B228,995,H,G,,Stone slab graves
00B229,996,H,G,,Stone slab graves
00B230,998,H,G,,Stone slab graves
00B231,998,H,G,,
00B232,997,H,G,,2 stone slab graves
00B233,999,H,G,,
00B234,889,H,G,,
00B235,891,H,G,,
00B236,891,H,G,,
00B237,892,H,G,,
00B238,892,H,G,,
00B239,893,H,S,3,
00B240,893,H,S,1,Outside wall to SE
00B241,893,H,S,3,Inside wall
00B242,894,H,G,,More than 10 stone slab graves
00B243,894,H,G,,
00B244,894,H,G,,
00B245,894, , ,,No collection made (graves in various states of disturbance)
00B246,895,H,G,,
00B247,895,H,G,,
00B248,896,H,G,,
00B249,897,H,G,,
00B250,897,H,G,,
00B251,897,H,G,,
00B252,897,H,G,,
00B253,897,H,G,,
00B254,898,H,G,,
00B255,1000,H,G,,
00B256,1035,H,G,,
00B257,1036,H,G,,
00B258,1036,H,G,,
00B259,1036,H,G,,
00B260,1036,H,G,,
00B261,1037,H,G,,
00B262,1037,H,G,,
00B263,1038,H,G,,
00B264,1038,H,G,,
00B265,1039,H,G,,"Unit too large, recollected as 06A008-0017"
00B266,1039,H,G,,"Unit too large, recollected as 06A008-0017"
00B267,1039,H,G,,"Unit too large, recollected as 06A008-0017"
00B268,1040,H,G,,
00B269,1039,H,G,,"Unit too large, recollected as 06A008-0017"
00B270,1041,H,G,,
00B271,1042,H,G,,
00B272,1043,H,G,,
00B273,1043,H,G,,
00B274,1043,H,G,,
00B275,1044,H,G,,
00B276,1045,H,G,,
00B277,1045,H,G,,
00B278,1045,H,G,,
00B279,1046,H,G,,
00C001,642,H,G,,
00C002,643,H,G,,
00C003,644,H,S,1,
00C004,644,H,G,,
00C005,644,H,S,1,
00C006,644,H,S,2,
00C007,644,H,G,,
00C008,645,H,G,,
00C009,646,H,G,,
00C010,647,H,G,,
00C011,647,H,G,,
00C012,647,H,G,,
00C013,647,H,G,,
00C014,647,H,G,,
00C015,648,H,G,,
00C016,648,H,G,,
00C017,648,H,G,,
00C018,648,H,G,,
00C019,649,H,G,,
00C020,650,H,G,,
00C021,650,H, ,,
00C022,650,H, ,,
00C023,650,H, ,,
00C024,650,H, ,,
00C025,650,H,G,,
00C026,650,H,G,,
00C027,651,H,G,,
00C028,652,H,G,,
00C029,652,H,G,,
00C030,650,H,G,,
00C031,653,H,G,,
00C032,654,H,G,,
00C033,655,H,G,,
00C034,656,H,G,,
00C035,656,H,G,,
00C036,656,H,G,,
00C037,656,H,G,,
00C038,656,H,G,,
00C039,657,H,G,,
00C040,658,H,G,,
00C041,659,H,G,,
00C042,660,H,G,,
00C043,660,H,G,,
00C044,660,H,S,1,
00C045,660,H,G,,
00C046,660,H,G,,
00C047,660,H,G,,
00C048,663,H,G,,
00C049,660,H,G,,
00C050,660,H,G,,
00C051,660,H,S,1,
00C052,660,H,G,,
00C053,660,H,G,,
00C054,661,H,G,,
00C055,662,H,G,,
00C056,664,H,G,,
00C057,665,H,G,,
00C058,665,H,G,,
00C059,665,H,G,,
00C060,666,H,G,,
00C061,667,H,G,,
00C062,668,H,G,,
00C063,669,H,G,,
00C064,860,H,G,,
00C065,861,H,G,,
00C066,861,H,G,,
00C067,862,H,G,,
00C068,863,H,G,,
00C069,863,H,G,,
00C070,863,H,G,,
00C071,863,H,G,,
00C072,863,H,G,,
00C073,863,H,G,,
00C074,863,H,G,,
00C075,864,H,G,,
00C076,865,H,G,,
00C077,866,H,G,,
00C078,866,H,G,,
00C079,867,H,G,,
00C080,868,H,G,,
00C081,868,H,G,,
00C082,863,H,G,,
00C083,863,H,G,,
00C084,863,H,G,,
00C085,863,H,G,,
00C086,863,H,G,,
00C087,869,H,G,,
00C088,870,H,G,,
00C089,871,H,G,,
00C090,872,H,G,,
00C091,873,H,G,,
00C092,872,H,G,,
00C093,874,H,G,,
00C094,875,H,G,,
00C095,920,H,G,,
00C096,920,H,G,,
00C097,920,H,G,,
00C098,920,H,G,,
00C099,920,H,G,,
00C100,921,H,G,,
00C101,922,H,G,,
00C102,923,H,G,,
00C103,923,H,G,,
00C104,924,H,G,,
00C105,925,H,G,,
00C106,926,H,G,,
00C107,927,H,G,,
00C108,928,H,G,,
00C109,929,H,G,,
00C110,929,H,G,,
00C111,929,H,G,,
00C112,930,H,G,,
00C113,930,H,G,,
00C114,931,H,G,,
00C115,932,H,G,,
00C116,933,H,G,,
00C117,933,H,G,,
00C118,934,H,G,,
00C119,815,H,G,,
00C120,816,H,G,,
00C121,816,H,G,,
00C122,816,H,G,,
00C123,816,H,G,,
00C124,816,H,G,,
00C125,817,H,G,,
00C126,818,H,G,,
00C127,819,H,G,,
00C128,820,H,G,,
00C129,821,H,G,,
00C130,821,H,G,,
00C131,661, , ,,
00C132,822,H,G,,
00C133,822,H,G,,
00C134,823,H,G,,
00C135,824,H,G,,
00C136,825,H,G,,
00C137,826,H,G,,"More than ten stone slab graves, some looted and damaged"
00C138,825,H,G,,
00C139,827,H,G,,more than 10 looted stone slab graves
00C140,827,H,G,,Damaged stone defensive walls on north face of mountain top
00C141,828,H,G,,2 stone slab graves
00C142,827,H,G,,Several looted stone slab graves
00C143,829,H,G,,more than 10 looted stone slab graves
00C145,1024,H,G,,Stone slab grave
00C146,1025,H,G,,
00C147,1027,H,G,,Stone slab grave
00C148,1028,H,G,,
00C149,1028,H,G,,
00C150,1026,H, ,,Stone slab graves
00C151,1029,H,G,,
00C152,1030,H,G,,
00C153,1030,H,G,,
00C154,1030,H,G,,
00C155,1031,H,G,,
00C156,1032,H,G,,
00C157,1033,H,G,,
00C158,1033,H,G,,
00C159,1034,H,G,,
00C160,1034,H,S,1,
00C161,1034,H,G,,
00C162,1033,H,G,,
00C163,1033,H,G,,
00C164,1033,H,G,,
00C165,1049,H,G,,
00C166,1050,H,G,,
00C167,1051,H,G,,
00C168,1051,H,G,,
00D001,670,H,G,,
00D002,671,H,S,1,
00D003,671,H,S,2,
00D004,671,H,S,1,
00D005,671,H,S,1,
00D006,671,H,S,1,
00D007,672,H,G,,
00D008,673,H,G,,
00D009,674,H,S,1,
00D010,674,H,S,1,
00D011,674,H,S,1,
00D012,675,H,G,,
00D013,676,H,S,1,
00D014,676,H,S,1,
00D015,676,H,S,1,
00D016,676,H,S,1,
00D017,677,H,S,1,
00D018,677,H,S,1,
00D019,678,L, ,,"Looted Liao Dynasty tomb, no collection made"
00D020,679,H,G,,
00D021,680,H,G,,
00D022,681,H,G,,
00D023,682,H,G,,
00D024,683,H,G,,
00D025,684,H,G,,
00D026,684,H,G,,
00D027,684,H,G,,
00D028,684,H,G,,
00D029,685,H,G,,
00D030,686,H,G,,
00D031,687,H,G,,
00D032,686,H,G,,
00D033,688,H,G,,
00D034,689,H,G,,
00D035,690,H,G,,
00D036,690,H,G,,
00D037,691,H,G,,
00D038,691,H,G,,
00D039,692,H,G,,
00D040,693,H,G,,
00D041,694,H,S,1,
00D042,695,H,G,,
00D043,696,H,G,,
00D044,697,H,G,,
00D045,698,H,G,,
00D046,699,L,G,,Stone wall
00D047,700,H,G,,
00D048,780,H,G,,
00D049,780,H,G,,
00D050,781,H,G,,
00D051,780,H,G,,
00D052,782,H,G,,
00D054,786,H,G,,
00D055,787,H,G,,
00D056,788,H,G,,
00D057,789,H,G,,
00D058,790,H,G,,
00D059,790,H,G,,
00D060,791,H,G,,
00D061,783,H,G,,
00D062,784,H,G,,
00D063,785,H,G,,
00D064,785,H,G,,
00D065,785,H,G,,
00D066,791,H,G,,
00D067,791,H,G,,
00D068,791,H,G,,
00D069,791,H,G,,
00D070,791,H,G,,
00D071,791,H,G,,
00D072,791,H,G,,
00D073,791,H,G,,
00D074,792,H,G,,
00D075,793,H,G,,
00D076,794,H,G,,
00D077,795,H,G,,
00D078,796,H,G,,
00D079,797,H,G,,
00D080,797,H,G,,
00D081,798,H,G,,
00D082,799,H,G,,
00D083,800,H,G,,
00D084,800,H,G,,
00D085,800,H,G,,
00D086,1014,H,G,,
00D087,1015,H,G,,
00D088,1016,H,G,,
00D089,1017,H,G,,
00D090,1018, ,G,,
00D091,1019,H,G,,
00D092,1020,H,G,,
00D093,1021,H,G,,
00D094,1022,H,G,,
00D095,1023,H,G,,
00D096,1059,M,G,,
00D097,1060,M,G,,"Unit too large, recollected as 07A136-138"
00D098,1061,H,G,,
00D099,1061,H,G,,
00D100,1061,H,G,,
00D101,1061,H,G,,
00D102,1061,H,G,,
00D103,1062,H,G,,
00E001,726,H,G,,
00E002,728,H,G,,
00E003,728,H,S,1,"Burned earth on both sides of road, storage pit?"
00E004,728,H,G,,
00E005,728,H,G,,
00E006,728,H,G,,
00E007,728,H,G,,
00E008,728,H,G,,
00E009,728,H,S,2,
00E010,728,H,G,,
00E011,728,H,G,,
00E012,728,H,G,,
00E013,728,H,G,,
00E014,727,H,G,,
00E015,728,H,G,,
00E016,729,H,G,,
00E017,729,H,S,1,
00E018,730,H,S,1,
00E019,731,H,G,,
00E020,732,H,S,1,
00E021,732,H,S,1,
00E022,732,H,G,,
00E023,732,H,G,,
00E024,731,H,S,2,
00E025,733,H,G,,
00E026,734,H,G,,
00E027,735,H,G,,
00E028,736,H,G,,
00E029,737,H,G,,
00E030,736,H,G,,
00E031,738,H,G,,
00E032,739,H,G,,
00E033,801,H,G,,
00E034,802,H,G,,
00E035,802,H,G,,
00E036,803,H,G,,
00E037,804,H,G,,
00E038,805,H,G,,
00E039,806,H,G,,
00E040,807,H,G,,
00E041,807,H,G,,
00E042,808,H,G,,
00E043,804,H,G,,
00E044,809,H,G,,
00E045,810,H,G,,
00E046,811,H,G,,
00E047,812,H,G,,
00E048,812,H,G,,
00E049,813,H,G,,
00E050,814,H,G,,
00E051,879,H,G,,
00E052,879,H,G,,
00E053,879,H,G,,
00E054,880,H,G,,
00E055,880,H,S,1,
00E056,881,H,G,,
00E057,882,H,G,,Stone slab graves
00E058,883,H,G,,
00E059,883,H,G,,
00E060,884,H,G,,Stone slab graves
00E061,885,H,G,,
00E062,886,H,G,,
00E063,887,H,G,,
00E064,886,H,G,,
00E065,888,H,G,,
00E066,888,H,G,,
00E067,899,H,G,,
00E068,1001,H,G,,"Stone circles, stone piles, defensive wall"
00E069,1001,H,G,,
00E070,1001,H,G,,
00E071,1002,H,G,,
00E072,1003,H,S,1,
00E073,1004,H,G,,
00E074,1004,H,S,1,
00E075,1004,H,S,1,
00E076,1004,H,S,1,
00E077,1004,H,S,1,"Unit too large, recollected as 07C172-176"
00E078,1004,H,G,,
00E079,1004,H,S,1,
00E080,1004,H,S,1,
00E081,1004,H,S,1,
00E082,1004,H,G,,
00E083,1004,H,S,1,"Unit too large, recollected as 07C171"
00E084,1004,H,G,,"Unit too large, recollected as 07C167-170"
00E085,1004,H,G,,
00E086,1004,H,G,,"Unit too large, recollected as 07C161-166"
00E087,1004,H,S,1,"Unit too large, recollected as 07C157-160"
00E088,1004,H,S,1,"Unit too large, recollected as 07E182-189"
00E089,1004,H,S,2,"Unit too large, recollected as 07A186,187,193,194"
00E090,1004,H,S,1,"Unit too large, recollected as 07A184,185,188-192,07E190"
00E091,1004,H,S,1,"Unit too large, recollected as 07A181-183"
00E092,1004,H,G,,"Unit too large, recollected as 07A171-176"
00E093,1004,H,G,,"Unit too large, recollected as 07A169,170,177-180"
00E094,1004,H,G,,
00E095,1004,H,G,,"Unit too large, recollected as 07E177-181"
00E096,1004,H,G,,
00E097,1005,H,S,1,
00E098,1005,H,G,,
00E099,1005,H,G,,Part of damaged stone circle on hilltop
00E100,1005,H,S,1,Stone wall
00E101,1006,H,S,1,Stone wall
00E102,1006,M,S,1,Stone wall
00E103,1006,H,S,1,Stone wall
00E104,1007,H,S,1,
00E105,1007,H,S,1,
00E106,1007,H,G,,
00E107,1007,H,G,,Platform on  hilltop
00E108,1008,H,G,,
00E109,1008,H,S,2,
00E110,1008,H,S,1,
00E111,1008,H,G,,
00E112,1008,H,S,1,
00E113,1009,H,G,,
00E114,1008,H,G,,
00E115,1008,H,S,1,Possible pit with ashy fill
00E116,1008,H,S,1,
00E117,1010,H,S,1,
00E118,1010,H,G,,
00E119,1010,H,S,1,
00E120,1010,H,G,,
00E121,1010,H,G,,
00E122,1011,H,G,,
00E123,1012,H,S,1,
00E124,1012,H,S,1,
00E125,1012,H,S,1,
00E126,1012,H,S,2,
00E127,1013,H,G,,
00E128,1012,H,S,1,Disturbed brick tomb (Ming or Qing dynasty)
00E129,963,H,G,,
00E130,1012,H,G,,
00T001,709,H,G,,Stone circle
00T002,709,H,G,,Stone circle
00T003,709,H,G,,Stone circle
00T004,709,H,G,,Stone circle
00T005,709,H,G,,Stone circle
00T006,709, ,G,,Stone circle
00T007,336,H,G,,"Stone platform, highest point"
00T008,336,H,G,,
01A213,1120,H,G,,
01A214,1120,H,G,,
01A215,1120,H,G,,
01A216,1121,H,G,,Dozens of poorly preserved slab graves
01A217,1120,H,G,,
01A218,1120,H,G,,
01A219,1120,H,G,,
01A220,1120,H,G,,
01A221,1120,H,S,1,
01A222,1122,M,G,,
01A223,1123,H,G,,Damaged by modern village
01A224,1124,H,S,1,
01A225,1124,H,G,,
01A226,1125,H,G,,
01A227,1125,H,G,,
01A228,1125,H,G,,
01A229,1125,H,S,1,
01A230,1125,H,G,,
01A231,1126,M,G,,"Stone circles, stone walls, ashy soil"
01A232,1126,M,G,,Stone circles
01A233,1127,M,G,,Stone circles
01A234,1127,H,G,,Stone circles
01A235,1128,H,G,,
01A236,1128,M,G,,Stone circles
01A237,1128,M,G,,
01A238,1129,M,G,,
01A239,1129,M,G,,
01A240,1129,H,G,,
01A241,1129,H,G,,
01A242,1129,M,G,,
01A243,1129,H,G,,
01A244,1130,H, ,,"Stone circles, no artifacts found"
01A245,1129, ,G,,
01A246,1129,M,G,,
01A247,1129,M,G,,
01A248,1129,H,G,,
01A249,1131,L,G,,
01A250,1132,L,G,,
01A251,1133,M,G,,Stone circles
01A252,1133,M,G,,5 stone slab graves
01A253,1134,M,G,,
01A254,1135,M,G,,
01A255,1136,M,G,,
01A256,1158,L,G,,"Stone circle, slab grave, and stone wall"
01A257,1158,L,G,,Stone circle and slab grave
01A258,1158,L,G,,Stone circle
01A259,1159,M,G,,
01A260,1160,H, ,,2 stone circles but no artifacts
01A261,1161,H,G,,
01A262,1162,H,G,,
01A263,1162,M,G,,
01A264,1163,M,G,,
01A265,1164,M,G,,
01A266,1165,L,G,,
01A267,1185,M,G,,
01A268,1185,M,G,,Stone piles
01A269,1185,M,G,,
01A270,1185,M,G,,
01A271,1185,M,G,,Defensive walls
01A272,1185,M,G,,Defensive walls
01A273,1185,M,G,,Stone slab graves
01A274,1185,H,G,,
01A275,1185,H,G,,
01A276,1185,H,G,,
01A277,1186,H,G,,
01A278,1186,H,G,,
01A279,1187,H,G,,
01A280,1187,H,G,,
01A281,1187,H,G,,
01A282,1188,H,G,,Stone slab graves
01A283,1188,M,S,1,
01A284,1188,H,G,,
01A285,1188,H,G,,
01A286,1188,H,G,,
01A287,1188,H,G,,
01A288,1188,H,G,,
01A289,1188,H,G,,
01A290,1189,H,G,,
01A291,1189,H,G,,
01A292,1189,H,G,,
01A293,1188,H,G,,
01A294,1188,H,G,,
01A295,1188,H,G,,
01A296,1188,H,G,,"Stone circles, stone walls and stone piles"
01A297,1189,H,G,,
01A298,1190,H,G,,11 stone slab graves
01A299,1190,H,G,,
01A300,1228,M,G,,
01A301,1229,H,G,,
01A302,1229,H,G,,
01A303,1229,H,G,,
01A304,1229,H,G,,
01A305,1230,H,G,,
01A306,1229,H,G,,
01A307,1229,H,G,,
01A308,1229,H,G,,
01A309,1229,H,G,,
01A310,1229,H,G,,
01A311,1229,H,G,,
01A312,1229,H,G,,
01A313,1229,H,G,,
01A314,1231,H,G,,
01A315,1232,H,G,,
01A316,1232,H,G,,
01A317,1232,H,G,,
01A318,1232,H,G,,
01A319,1232,H,G,,
01A320,1232,H,G,,
01A321,1232,H,G,,
01A322,1232,H,G,,
01A323,1232,H,G,,
01A324,1233,H,G,,
01A325,1235,M,G,,Stone slab graves
01A326,1235,M,G,,
01A327,1235,M,G,,Stone slab grave
01A328,1235,M,G,,Stone slab grave
01A329,1235,M,G,,
01A330,1235,M,G,,
01A331,1236,H,G,,Stone slab grave
01A332,1236,H,G,,Stone slab grave
01A333,1236,H,G,,Stone slab grave
01A334,1237,H,G,,Stone slab grave
01A335,1237,M,G,,
01A336,1237,M,G,,
01A337,1237,M,G,,
01A338,1313,H,G,,Burned earth circle
01B281,1103,H,G,,
01B282,1103,H,G,,
01B283,1104,H,G,,
01B284,1105,H,G,,Stone pile
01B285,1104, ,G,,
01B286,1105,H,G,,Stone piles
01B287,1104,H,G,,
01B288,1105,H,G,,
01B289,1104,H,G,,
01B290,1106,H,G,,
01B291,1107,H,G,,
01B292,1107,H,G,,
01B293,1108,H,G,,
01B294,1108,H,G,,
01B295,1108,H,G,,
01B296,1109,H,G,,
01B297,1109,H,G,,
01B298,1110,H,G,,
01B299,1110,H,G,,
01B300,1111,H,G,,
01B301,1111,H,G,,
01B302,1111,H,G,,
01B303,1111,H,G,,
01B304,1112,H,G,,
01B305,1113,H,G,,
01B306,1113,H,G,,
01B307,1114,H,G,,Grave
01B308,1115,H,G,,
01B309,1116,H,G,,
01B310,1116,H,G,,
01B311,1116,H,G,,
01B312,1117,H,G,,
01B313,1118,H,G,,
01B314,1118,H,G,,Stone pile
01B315,1118,H,G,,Stone pile
01B316,1118,H,G,,Stone pile
01B317,1118,H,G,,
01B318,1119,H,G,,
01B319,1119,H,G,,
01B320,1119,H,G,,
01B321,1066,H,G,,
01B322,1067,H,G,,
01B323,1067,H,G,,
01B324,1068,H,G,,
01B325,1137,H,G,,Stone wall
01B326,1137,H,G,,Ashy circle
01B327,1137,H,G,,
01B328,1137,H,G,,
01B329,1137,H,G,,Stone grave
01B330,1138,H,G,,
01B331,1138,H,G,,
01B332,1138,H,G,,
01B333,1138,H,G,,
01B334,1138,H,G,,
01B335,1138,H,G,,
01B336,1137,H,G,,
01B337,1139,H,G,,"Stone circles, inside the first wall"
01B338,1139,H,G,,Between internal and external stone walls
01B339,1140,H,G,,
01B340,1140,H,G,,
01B341,1141,H,G,,
01B342,1141,H,G,,Stone walls
01B343,1141,H,G,,Stone walls
01B344,1142,H,G,,
01B345,1143,H,G,,
01B346,1144,H,G,,Stone piles
01B347,1144,H,G,,Stone piles
01B348,1144,H,G,,Stone piles
01B349,1144,H,G,,Stone piles
01B350,1144,H,G,,Stone piles
01B351,1144,H,G,,
01B352,1175,H,G,,
01B353,1175,L,G,,Scattered stones
01B354,1175,M,G,,Stone piles
01B355,1176,H,G,,Stone piles
01B356,1177,H,G,,
01B357,1177,M,G,,On steep slope
01B358,1177,M,G,,"Stone circles, stone walls"
01B359,1177,M,G,,Stone piles
01B360,1178,H,G,,Burned earth
01B361,1178,L,G,,Burned earth
01B362,1179,L,G,,
01B363,1177,L,G,,Stone piles
01B364,1177,H,G,,
01B365,1177,H,G,,
01B366,1177,H,G,,
01B367,1177,H,G,,Burned earth
01B368,1180,H,G,,
01B369,1180,H,G,,Stone piles
01B370,1180,H,S,1,Stone piles
01B371,1180,H,G,,Stone piles
01B372,1180,H,S,2,Burned earth
01B373,1180,H,G,,Burned earth
01B374,1181,H,G,,
01B375,1182,H,G,,
01B376,1183,H,G,,
01B377,1184,H,G,,Burned earth
01B378,1184,H,G,,
01B379,1251,H,G,,"Stone circle, stone walls (outside main walls)"
01B380,1251,H,G,,Stone walls (inside main wall)
01B381,1251,H,G,,Burned earth
01B382,1251,H,S,3,Stone walls
01B383,1252,H,G,,Burned earth
01B384,1252,H,G,,Slab graves
01B385,1252,H,G,,
01B386,1252,H,G,,Stone walls
01B387,1252,H,G,,"Stone walls, stone piles"
01B388,1253,H,G,,Stone slab graves
01B389,1254,H,G,,
01B390,1254,H,G,,
01B391,1254,H,G,,
01B392,1255,H,G,,
01B393,1256,H,G,,
01B394,1256,H,G,,
01B395,1257,H,G,,
01B396,1258,H,G,,
01B397,1258,H,G,,
01C170,975, , ,,
01C172,975,M,G,,
01C173,975,H,S,1,
01C174,975,M,G,,
01C175,975,H,G,,Burial urn fragments
01C176,976,H,G,,
01C177,962,H,G,,"Stone wall, stone circle"
01C178,962,H,G,,
01C179,965,H,G,,
01C180,964,M,G,,
01C181,965,H,S,2,
01C182,965,H,G,,
01C183,965,H,S,1,
01C184,965,H,S,1,
01C185,965,H,G,,
01C186,965,H,G,,
01C187,965,H,G,,
01C188,965,H,G,,
01C189,965,H,G,,
01C190,965,H,G,,
01C191,967,H,G,,Stone slab graves
01C192,967,H,G,,
01C193,967,H,G,,
01C194,967,H,G,,
01C195,967,H,G,,Stone slab graves
01C196,967,H,G,,Stone slab graves
01C197,968,M,G,,"Stone slab graves; unit too large, recollected as 07A065, 068-070"
01C198,968,M,G,,"Stone slab graves; unit too large, recollected as 07A056,058-060,064,066-067"
01C199,968,M,G,,"Unit too large, recollected as 07A055, 057, 061-063"
01C200,969,H,G,,
01C201,971,H,G,,
01C202,971,H,G,,
01C203,972,H,G,,
01C204,973,H,G,,
01C205,970,H,G,,"Stone circles, no collection made"
01C206,966,H,S,1,
01C207,966,H,G,,
01C208,974,H,G,,
01C209,974,H,S,2,
01C210,974,H,G,,
01C211,974,H,G,,
01C212,974,H,G,,
01C213,974,H,G,,
01C214,977,H,G,,
01C215,1079,H,G,,
01C216,1080,H,G,,
01C217,1080,H,G,,
01C218,1191,H,S,2,
01C219,1191,H,G,,
01C220,1191,H,G,,
01C221,1191,H,G,,
01C222,1192,H,S,2,
01C223,1192,H,G,,
01C224,1193,H,G,,
01C225,1193,H,G,,
01C226,1194,H,G,,
01C227,1082,H,S,2,
01C228,1082,H,G,,
01C229,1086,H,G,,
01C230,1087,H,G,,
01C231,1088,H,G,,
01C232,1089,H,G,,
01C233,1239,H,G,,
01C234,1240,H,G,,
01C235,1241,H,G,,
01C236,1242,H,G,,
01C237,1243,H,G,,
01C238,1244,H,G,,
01C239,1245,H,G,,
01C240,1246,H,G,,
01C241,1246,H,G,,
01C242,1246,H,G,,
01C243,1246,H,S,1,
01C244,1247,H,G,,
01C245,1247,H,G,,
01C246,1247,H,G,,
01C247,1248,H,G,,
01C248,1249,L,G,,
01C249,1250,H,G,,
01C250,1250,H,G,,
01C251,1278,H,G,,
01C252,1279,H,G,,
01C253,1280,H,G,,
01C254,1281,H,G,,
01C255,1282,L,G,,
01C256,1283,H,G,,
01C257,1284,H,G,,
01C258,1285,H,G,,
01C259,1286,H,G,,
01C260,1336,H,G,,Stone circles
01C261,1336,H,G,,"Stone circle  & wall, gray soil"
01C262,1336,H,G,,
01C263,1287,H,G,,
01C264,1288,H,G,,
01C265,1288,H,G,,
01C266,1288,H,G,,
01C267,1289,H,G,,
01C268,1289,H,G,,
01C269,1290,H,G,,
01C270,1291,H,S,1,
01C271,1291,H,G,,
01C272,1245,H,G,,
01C273,1309,H,G,,
01C274,1309,H,G,,
01C275,1310,H,G,,
01D105,1069,H,G,,
01D106,1070,H,G,,
01D107,1071, ,G,,
01D108,1072,H,G,,
01D109,1072,H,G,,
01D110,1072,H,G,,
01D111,1072,H,G,,
01D112,1072,H,G,,
01D113,1073,H,G,,
01D114,1073,M,G,,
01D115,1073,M,G,,
01D116,1074,L,G,,
01D117,1075,M,G,,
01D118,1075,M,G,,
01D119,1075,M,G,,
01D120,1076,H,G,,
01D121,1077,H,G,,
01D122,1077,H,G,,
01D123,1078,H,G,,
01D124,1145,H,G,,
01D125,1145,H,G,,
01D126,1146,H,G,,
01D127,1146,H,G,,
01D128,1146,H,G,,
01D129,1146,H,G,,
01D130,1146,H,G,,
01D131,1147,H,G,,
01D132,1148,M,G,,
01D133,1149,H,G,,
01D134,1149,H,G,,
01D135,1150,H,G,,
01D136,1151,H,G,,
01D137,1151,H,G,,
01D138,1152,H,G,,Stone piles
01D139,1153,H,G,,Stone piles on top of hill
01D140,1154,H,G,,
01D141,1155,H,G,,
01D142,1156,H,G,,
01D143,1157,H,G,,
01D144,1166,H,G,,
01D145,1166,M,G,,
01D146,1167,M,G,,
01D147,1167,M,G,,
01D148,1168,H,G,,
01D149,1169,H,G,,
01D150,1169,H,G,,
01D151,1169,H,G,,
01D152,1170,M,G,,
01D153,1171,M,G,,
01D154,1172,H,G,,
01D155,1173,H,G,,
01D156,1174,H,G,,
01D157,1174,H,G,,
01D158,1213,H,G,,
01D159,1213,H,G,,
01D160,1214,H,G,,
01D161,1214,H,G,,
01D162,1214,H,G,,
01D163,1214,H,G,,
01D164,1215,H,G,,
01D165,1216,H,G,,
01D166,1217,H,G,,
01D167,1218,H,G,,
01D168,1218,H,G,,
01D169,1218,H,G,,
01D170,1219,H,G,,
01D171,1219,H,G,,
01D172,1219,H,G,,
01D173,1219,H,G,,
01D174,1220,H,G,,
01D175,1221,H,S,1,
01D176,1222,H,G,,
01D177,1223,H,G,,
01D178,1224,H,G,,
01D179,1225,H,G,,
01D180,1226,H,G,,
01D181,1227,H,G,,Stone pile
01D182,1292,H, ,,Stone slab grave
01D183,1293,M,G,,
01D184,1294,H,G,,Stone wall
01D185,1295,H, ,,Stone wall
01D186,1296,M,G,,
01D187,1297,H,G,,
01D188,1298,H,G,,"Stone piles, stone circles"
01D189,1299,H,G,,
01D190,1299,H,G,,
01D191,1299,H,S,1,4 stone piles
01D192,1299,H,G,,
01D193,1299,H,G,,
01D194,1300,H,G,,
01D195,1300,H,G,,
01D196,1300,H,G,,
01D197,1301,H,G,,
01D198,1302,M,G,,
01D199,1303,H,G,,
01D200,1302,H,G,,
01D201,1304,H,G,,
01D202,1304,H,G,,
01D203,1305,H,G,,20 to 40 stone slab graves
01D204,1306,H,G,,"Stone piles, stone circles"
01D205,1306,H,G,,"Stone pile, stone circle"
01D206,1306,H,G,,"Stone piles, stone circles"
01D207,1305,H,G,,30 to 40 stone slab graves
01D208,1307,H,G,,
01D209,1306,H,G,,"Stone piles, stone circle"
01D210,1308,H,G,,
01E133,1090,H,G,,
01E134,1091,H,G,,
01E135,1092,H,G,,
01E136,1092,H,G,,
01E137,1092,H,S,1,
01E138,1092,H,G,,
01E139,1092,H,G,,
01E140,1092,H,G,,
01E141,1092,H,G,,
01E142,1092,H,G,,
01E143,1092,H,G,,
01E144,1093,H,G,,
01E145,1094,H,S,1,
01E146,1094,H,G,,
01E147,1094,H,S,1,
01E148,1094,H,S,1,
01E149,1095,H,G,,
01E150,1096,H,G,,
01E151,1097,H,G,,
01E152,1098,H,G,,
01E153,1099,H,G,,
01E154,1099,H,G,,
01E155,1100,H,G,,
01E156,1196,H,G,,
01E157,1101,H,G,,
01E158,1102,H,G,,
01E159,978,H,G,,
01E160,979,H,G,,
01E161,1052,H,G,,
01E162,1052,H,G,,
01E163,1053,H,G,,
01E164,1054,H,G,,Stone piles and gray soil
01E165,1055,H,G,,
01E166,1056,H,G,,
01E167,1057,H,G,,
01E168,1057,H,G,,
01E169,1058,H,G,,
01E170,1063,H,G,,
01E171,1064,H,G,,
01E172,1065,H,G,,
01E173,1195,H,G,,
01T001,674,H,S,1,
01T002,674,H,S,1,
01T003,674,H,S,1,
01T004,674,H,S,1,
01T005,674,H,S,1,
01T006,674,M,S,1,
01T007,674,H,S,1,
01T008,674,H,S,1,
01T009,674,H,S,1,
01T010,674,H,S,1,
01T011,674,M,S,1,
01T012,674,H,S,1,
01T013,674,H,S,1,
01T014,674,H,S,1,
01T015,674,H,S,1,
01T016,674,H,S,1,
01T017,674,M,S,1,
01T018,674,H,S,1,
01T019,674,H,S,1,
01T020,674,H,S,1,
01T021,674,H,S,1,
01T022,674,H,S,1,
01T023,674,H,S,1,
01T024,674,H,S,1,
01T025,1139,M,G,,
01T026,1139,M,G,,
01T027,1139,M,G,,
01T028,1139,M,G,,
04P001,1337,H,G,,"2 or 3 ashy circles, possible grave"
04P002,1337,H,G,,2 or 3 ashy circles
04P003,1337,H,G,,1 or 2 ashy circles
04P004,1337,H,G,,1 or 2 ashy circles
04P005,1337,H,G,,
04P006,1399,M,G,,
04P007,1338,H,G,,
04P008,1338,H,G,,Ashy circle
04P009,1338,H,G,,Ash pit
04P010,1338,H,G,,
04P011,1900,H,G,,
04P012,1900,H,S,3,Possible ash pit
04P013,1900,H,S,3,Possible ash pit
04P014,1910,H,G,,Ashy soil
04P015,1910,H,G,,
04P016,1339,M,G,,
04P017,1339,M,G,,
04P018,1340,H,G,,
04P019,1341,M,G,,Ashy circle
04P020,1342,M,G,,
04P021,1343,M,G,,
04P022,1344,H,G,,
04P023,1345,H,G,,Ashy circle
04P024,1346,H,G,,"Ashy circle, Liao Dynasty bricks"
04P025,1347,M,G,,
04P026,1347,M,G,,
04P027,1901,H,G,,3 large cairns; 4-5 smaller ones; fragment of stone wall
04P028,1901,H,G,,on terraces below cairns (see 04P027)
04P029,1901,H,G,,"on terraces below cairns (see 04P027, 04P028)"
04P030,1348,M,G,,
04P031,1349,M,G,,Cluster of LXJD/Liao graves
04P032,1350,H,G,,Probable grave
04P033,1350,H,S,1,
04P034,1351,H,G,,LXJD grave
04P035,1352,H,G,,"Ashy soil, burned earth"
04P036,1912,H,G,,
04P037,1912,H,G,,
04P038,1912,H,G,,
04P039,1912,H,G,,
04P040,1912,H,S,1,Stone pile grave nearby
04P041,1912,H,G,,
04P042,1912,M,G,,Gray soil
04P043,1912,H,G,,Gray soil
04P044,1351,H,G,,
04P045,1353,M,G,,
04P046,1353,H,G,,
04P047,1354,H,G,,
04P048,1354,H,G,,
04P049,1354,H,G,,
04P050,1375,H,G,,
04P051,1376,H,G,,
04P052,1376,H,G,,
04P053,1376,H,G,,
04P054,1376,H,G,,
04P055,1376,H,G,,
04P056,1376,H,G,,
04P057,1906,L,G,,
04P058,1377,H,G,,
04P059,1909,L,G,,
04P060,1909,L,G,,
04P061,1907,L,G,,
04P062,1908,M,G,,"2 looted mounds (20x10x4m, 30x20x6m); about 10 stone piles"
04P063,1908,M,G,,defensive wall (5m); ditch across spur; about 8 stone piles
04P064,1908,M,G,,
04P065,1908,L,G,,app. 50 slab graves; 6 stone piles
04P066,1908,L,G,,
04P067,1378,L,G,,
04P068,1378,H,G,,
04P069,1378,L,G,,
04P070,1378,L,G,,
04P071,1379,M,G,,
04P072,1380,M,G,,
04P073,1380,H,G,,
04P074,1380,M,G,,
04P075,1380,H,G,,
04P076,1380,H,S,1,
04P077,1380,H,G,,
04P078,1904,M,G,,"about 8 stone piles, defensive wall and ditch"
04P079,1904,M,G,,about 15 stone slab graves
04P080,1381,M,G,,about 8 stone slab graves
04P081,1382,L,G,,
04P082,1383,L,G,,about 15 stone slab graves
04P083,1909,H,G,,
04P084,1909,H,G,,
04P085,1909,H,G,,
04P086,1354,H,G,,
04P087,1354,H,G,,
04P088,1905,H,G,,"Stone piles/slab graves, ash pits"
04P089,1905,H,G,,"Stone piles/slab graves, ash pits"
04P090,1905,H,G,,"Stone piles/slab graves, ash pits"
04p091,1905,M,G,,
04P092,1902,H,G,,"Stone pile and 2 parallel LXJD walls, ash pit"
04P093,1902,H,G,,
04P094,1902,H,G,,
04P095,1902,H,G,,Stone wall (parallel to 04P094's)
04P096,1903,H, ,,"No ceramics, graves"
04P097,1355,M,G,,
04P098,1355,H,G,,"Ash pit, 1 slab grave"
04P099,1356,H, ,,"No ceramics, 2 slab graves"
04P100,1357,M,G,,
04P101,1357,M,G,,
04P102,1357,H,G,,
04P103,1358,H,G,,
04P104,1359,H,G,,
04P105,1359,M,G,,
04P106,1359,H,G,,
04P107,1359,M,G,,
04P108,1360,H,G,,
04P109,1361,H,G,,
04P110,1362,H,G,,
04P111,1363,M,G,,
04P112,1364,M,G,,
04P113,1365,H,G,,
04P114,1366,H,G,,
04P115,1367,H,G,,
04P116,1367,H,G,,
04P117,1367,H,G,,
04P118,1367,H,G,,
04P119,1368,M,G,,
04P120,1368,M,G,,
04P121,1369,H,G,,
04P122,1370,H,G,,
04P123,1370,H,G,,
04P124,1371,H,G,,
04P125,1372,H,G,,
04P126,1373,H,G,,
04P127,1374,H,G,,
04P128,1384,H,G,,
04P129,1385,M,G,,
04P130,1386,M,G,,
04P131,1386,M,G,,
04P132,1386,M,G,,
04P133,1387,H,G,,
04P134,1388,H,G,,
04P135,1389,M,G,,
04P136,1390,M,G,,
04P137,1391,H,G,,
04P138,1392,H,G,,
04P139,1393,H,G,,
04P140,1394,H,G,,
04P141,1394,H,G,,
04P142,1395,H,G,,
04P143,1396,H,G,,
04P144,1397,H,G,,
04P145,1398,H,G,,
04P146,1398,H,G,,
04P147,1398,H,G,,
04P148,1914,H,G,,Artifact counts derived from Fushanzhuang intensive collection data
04P149,1915,H,G,,Artifact counts derived from Fushanzhuang intensive collection data
04P150,1916,H,G,,Artifact counts derived from Fushanzhuang intensive collection data
04P151,1916,H,G,,Artifact counts derived from Fushanzhuang intensive collection data
04P152,1917,H,G,,Artifact counts derived from Fushanzhuang intensive collection data
04P153,1917,H,G,,Artifact counts derived from Fushanzhuang intensive collection data
04P154,1917,H,G,,Artifact counts derived from Fushanzhuang intensive collection data
04P155,1917,H,G,,Artifact counts derived from Fushanzhuang intensive collection data
04P156,1917,H,G,,Artifact counts derived from Fushanzhuang intensive collection data
04P157,1917,H,G,,Artifact counts derived from Fushanzhuang intensive collection data
04P158,1918,H,G,,Artifact counts derived from Fushanzhuang intensive collection data
04P159,1918,H,G,,Artifact counts derived from Fushanzhuang intensive collection data
04P160,1918,H,G,,Artifact counts derived from Fushanzhuang intensive collection data
04P161,1918,H,G,,Artifact counts derived from Fushanzhuang intensive collection data
04P162,1918,H,G,,Artifact counts derived from Fushanzhuang intensive collection data
04P163,1918,H,G,,Artifact counts derived from Fushanzhuang intensive collection data
04P164,1918,H,G,,Artifact counts derived from Fushanzhuang intensive collection data
04P165,1918,H,G,,Artifact counts derived from Fushanzhuang intensive collection data
04P166,1918,H,G,,Artifact counts derived from Fushanzhuang intensive collection data
04P167,1918,H,G,,Artifact counts derived from Fushanzhuang intensive collection data
06A001,439,L,G,,Stone walls and circles
06A002,439,L,G,,Stone walls and circles
06A003,439,L,G,,Stone circles
06A004,423,M,S,2,
06A006,424,L,G,,Stone walls
06A007,428,L,G,,Stone walls
06A008,1039,L,G,,
06A009,1039,L,G,,
06A010,1039,L,G,,
06A011,1039,L, ,,
06A012,1039,L,G,,
06A013,1039,L, ,,
06A014,1039,L,G,,
06A015,1039,M,G,,
06A016,1039,L,G,,
06A017,1039,M,G,,
06A018,608,M,G,,
06A019,608,M,G,,
06A020,608,M,G,,
06A021,608,M,G,,
06A022,608,M,G,,
06A023,608,M,G,,
06A024,469,M,G,,
06A025,469,M,S,1,
06A026,469,M,S,1,
06A028,469,M,G,,
06A029,469,M,G,,
06A030,469, ,G,,
06A031,539,H,G,,
06A032,539,H,G,,
06A033,539,H,G,,
06A034,564,L,G,,
06A035,564,L,G,,
06A036,564,L,G,,
06A037,564,L,G,,
06A038,564,L,G,,
06A039,564,L,G,,
06A041,293,H,G,,
06A042,293,H,G,,
06A043,293,H, ,,
06A044,293,H, ,,
06A045,293,H,G,,
06A046,293,H,G,,
06A047,292,M,G,,
06A048,292,M, ,,
06A049,292,H,G,,
06A050,292,H,G,,
06A051,292,H,G,,
06A052,405,H,S,1,
06A053,405,H,G,,
06A054,564,L,G,,
06A055,564,L,G,,
06A056,564,L,G,,
06A057,564,L,G,,
06T001,342,H,S,1,
06T002,342,H,S,1,
06T003,342,H,S,1,
06T004,342,H,S,1,
06T005,342,M,S,1,
06T006,342,M,S,1,
06T007,342,H,S,1,
06T008,342,M,S,1,
06T009,342,H,S,1,
06T010,342,H,S,1,
06T011,342,H,S,1,
06T012,342,H,S,1,
06T013,342,H,S,1,
06T014,342,H,S,1,
06T015,342,H,S,1,
06T016,342,H,S,1,
06T017,342,H,S,1,
06T018,342,M,S,1,
06T019,342,H,S,2,
06T020,342,H,S,1,
06T021,342,H,S,3,
06T022,342,H,S,2,
06T023,342,H,S,2,
06T024,342,H,S,1,
06T025,342,H,S,3,
06T026,342,H,S,2,
06T027,342,H,S,2,
06T028,342,H,S,3,
06T029,342,H,S,3,
06T030,342,H,S,3,
06T031,342,H,S,3,
06T032,342,H,S,3,
06T033,342,H,S,3,
06T034,342,H,S,2,
06T035,342,H,S,3,No sherds
06T036,342,H,S,3,
06T037,342,H,S,1,
06T038,342,H,S,3,
06T039,342,H,S,1,
06T040,342,H,S,3,
06T041,342,H,S,3,
06T042,342,H,S,3,
06T043,342,H,S,3,
06T044,342,H,S,3,
06T045,342,H,S,3,
06T046,342,H,S,3,
06T047,342,H,S,3,
06T048,342,H,S,3,
06T049,342,H,S,3,
06T050,342,H,S,3,No sherds
06T051,342,H,S,3,
06T052,342,H,S,3,
06T053,342,H,S,3,No sherds
06T054,342,H,S,3,No sherds
06T055,342,H,S,3,
06T056,342,H,S,3,No sherds
06T057,342,H,S,3,
06T058,342,H,S,3,
06T059,342,H,S,3,
06T060,342,H,S,3,
06T061,342,H,S,3,
06T062,342,H,S,3,
06T063,342,H,S,3,
06T064,342,M,S,2,
06T065,342,H,S,2,
06T066,342,H,S,2,
06T067,342,H,S,3,
06T068,342,H,S,3,
06T069,342,H,S,3,
06T070,342,H,S,3,
06T071,342,H,S,1,
06T072,342,H,S,1,
06T073,342,H,S,2,
06T074,342,H,S,3,
06T075,342,H,S,3,
06T076,342,H,S,1,
06T077,342,H,S,1,
06T078,342,H,S,1,
06T079,342,H,S,1,
06T080,342,H,S,2,
06T081,342,H,S,1,
06T082,342,H,S,3,
06T083,342,H,S,1,
06T084,342,H,S,2,
06T085,342,H,S,1,
06T086,342,H,S,1,
06T087,342,H,S,1,
06T088,342,H,S,1,
07A001,1416,M,G,,
07A002,1417,H,G,,
07A003,1417,M,G,,
07A004,1417,M,G,,
07A005,1418,M,G,,
07A006,1419,H,S,1,
07A007,1419,H,S,1,
07A008,1420,M,G,,
07A009,1421,M,G,,
07A010,1421,L,G,,
07A011,1422,H,G,,
07A012,1423,L,G,,
07A013,1424,H,G,,
07A014,1424,H,S,3,
07A015,1425,H,G,,
07A016,1422,M,G,,
07A017,1426, ,G,,
07A018,1427,M,G,,
07A019,1428,L,G,,
07A020,1429,L,G,,
07A021,1430,L,G,,
07A022,1492,H,G,,
07A023,1492,H,G,,
07A024,1493,H,G,,
07A025,1494,H,G,,
07A026,1494,L,S,1,
07A027,1498,H,G,,
07A028,1500,M,G,,
07A029,1501,M,G,,
07A030,1502, ,G,,
07A031,1503,H,G,,
07A032,1503,H,G,,
07A033,1503,H,G,,
07A034,1503,H,G,,
07A035,1504, ,G,,
07A036,1504,H,G,,
07A037,1504,M,G,,
07A038,1505,H,G,,
07A039,1507,L,G,,
07A040,1507,H,G,,
07A041,1508,H,G,,
07A042,1509,H,G,,
07A043,1591,M,G,,
07A044,1592,L,G,,
07A045,1593,M,G,,
07A046,1594,H,G,,
07A047,1594,H,G,,
07A048,1594,H,G,,
07A049,1594,H,G,,
07A050,1594,H,G,,
07A051,1594,M,G,,
07A052,1595,H,S,2,
07A053,1596,L,G,,
07A054,1506,M, ,,"No artifacts, Liao graves"
07A055,968,M,G,,
07A056,968,M,G,,
07A057,968,H,G,,
07A058,968,H,G,,
07A059,968,H,G,,
07A060,968,H,G,,Stone slab graves
07A061,968,H,G,,
07A062,968,H,G,,
07A063,968,H,G,,
07A064,968,H,G,,Artifact collection lost
07A065,968,H,G,,
07A066,968,H,G,,
07A067,968,H,G,,
07A068,968,H,G,,10 stone slab grave; artifact collection lost
07A069,968,M, ,,"Stone slab graves, no artifacts"
07A070,968,H,G,,Stone wall
07A071,946,M,G,,
07A072,946,L,G,,Stone slab graves
07A073,946,H,G,,
07A074,946,H,G,,
07A075,946,M,G,,
07A076,946,M,G,,
07A077,769,H,G,,
07A078,769,H,G,,
07A079,769,H,G,,
07A080,769,M,G,,
07A081,769,M,G,,
07A082,769,L,G,,
07A083,769,L,G,,
07A084,769,M,G,,
07A085,769,M,G,,
07A086,769,H,G,,
07A087,769,H,G,,
07A088,769,H,G,,
07A089,768,M,G,,
07A090,768,M,G,,
07A091,768,H,G,,
07A092,768,H,G,,
07A093,768,H,G,,
07A094,768,H,G,,
07A095,768,M,G,,
07A096,768,M,G,,
07A097,768,M,G,,
07A098,768,M,G,,
07A099,768,M,G,,Stone slab grave
07A100,768,H,G,,
07A101,618,H,G,,
07A102,618,M,G,,
07A103,618,M,G,,
07A104,618,H,G,,
07A105,618,H,G,,
07A106,618,M,G,,
07A107,610,H,G,,
07A108,610,M,G,,
07A109,610,H,G,,
07A110,610,H,G,,
07A111,610,H,G,,
07A112,610,H,G,,
07A113,610,H,G,,
07A114,612,L,G,,
07A115,612,L,G,,
07A116,612,L,G,,
07A117,612,M,G,,
07A118,611,M,G,,
07A119,611,M,G,,
07A120,611,M,G,,
07A121,614,L,G,,
07A122,614,H,G,,
07A123,614,H,G,,
07A124,614,H,G,,
07A125,614,H,G,,
07A126,614,H,G,,
07A127,614,H,G,,
07A128,614,H,G,,
07A129,614,H,G,,
07A130,614,H,G,,
07A131,617,H,G,,
07A132,617,H,G,,
07A133,617,L,G,,
07A135,617,M,G,,
07A136,1060,M,G,,
07A137,1060,M,G,,
07A138,1060,M,G,,
07A139,605,H,G,,
07A140,605,H,G,,
07A141,605,M,G,,
07A142,605,M,G,,
07A143,556,M,G,,"Looted graves, stone wall"
07A144,556,H,G,,Graves
07A145,556,H,G,,Graves
07A146,556,M,G,,Graves
07A147,556,H,G,,Stone wall
07A148,1862,H,S,1,
07A149,1862,H,G,,
07A150,1862,M,G,,
07A151,1863,M,G,,
07A152,1507, ,G,,
07A153,1864,M,G,,
07A154,1865,H,G,,
07A155,1866,H,G,,
07A156,1867,H,G,,
07A157,1867,H,G,,
07A158,1868,H,G,,
07A159,1869,H,G,,
07A160,1867,H,G,,
07A161,1867,H,G,,
07A162,1870,H,G,,
07A163,1870,H,G,,
07A164,1870,H,G,,
07A165,1870,H,G,,
07A166,1870,H,G,,
07A167,1871,M,G,,
07A168,1871,H,G,,
07A169,1004,H,S,3,
07A170,1004,H,S,1,
07A171,1004,H,S,2,
07A172,1004,M,S,1,
07A173,1004,L,G,,
07A174,1004,M,G,,
07A175,1004,H,S,1,
07A176,1004,M,G,,
07A177,1004,M,G,,
07A178,1004,M,G,,
07A179,1004,M,G,,
07A180,1004,M,G,,
07A181,1004,M,G,,
07A182,1004,M,G,,
07A183,1004,M,G,,
07A184,1004,M,G,,
07A185,1004,M,G,,
07A186,1004,M,G,,
07A187,1004,M,G,,
07A188,1004,M,G,,
07A189,1004,M,G,,
07A190,1004,H,S,1,
07A191,1004,M,G,,
07A192,1004,M,G,,
07A193,1004,M,G,,
07A194,1004,M,G,,
07B001,1400,L,G,,
07B002,1401,M,G,,
07B003,1402,M,G,,
07B004,1403,M,G,,
07B005,1404,L,G,,
07B006,1405,H,G,,
07B007,1406,H,G,,
07B008,1407,H,G,,
07B009,1407,H,G,,
07B010,1407,H,G,,
07B011,1408,H,G,,
07B012,1408,H,G,,
07B013,1408,H,G,,
07B014,1409,H,G,,
07B015,1409,H,G,,
07B016,1410,H,G,,
07B017,1410,H,G,,
07B018,1410,M,G,,
07B019,1411,M,G,,
07B020,1411,H,G,,
07B021,1411,M,G,,
07B022,1490,H,G,,
07B023,1490,H,G,,
07B024,1410,H,G,,
07B025,1412,H,G,,
07B026,1413,M,G,,
07B027,1414,M,G,,
07B028,1415,M,G,,
07B029,1482,H,G,,
07B030,1482,H,G,,
07B031,1483,M,G,,
07B032,1491,H,G,,
07B033,1484,H,G,,
07B034,1485,H,G,,
07B035,1486,H,G,,
07B036,1487,L,G,,
07B037,1488,H,G,,
07B038,1489,H,G,,
07B039,1511,L,G,,
07B040,1510,M,G,,
07B041,1510,L,G,,
07B042,1512,L,G,,
07B043,1512,L,G,,
07B044,1513,L,G,,
07B045,1514,M,G,,
07B046,1514,L,G,,
07B047,1514,L,G,,
07B048,1515,H,G,,
07B049,1516,L,G,,
07B050,1517,M,G,,
07B051,1518,H,S,1,
07B052,1519,L,G,,
07B053,1520,L,G,,
07B054,1520,M,G,,
07B055,1521, ,G,,"Stone slab grave, human skull"
07B056,1522,L,G,,
07B057,1523,L,G,,
07B058,1523,L,G,,
07B059,1524,L,G,,
07B060,1525,L,G,,
07B061,1526,L,G,,
07B062,1527,H,S,1,"Ash pits, stone circles"
07B063,1527,M,S,1,"Ash pits, stone circles"
07B064,1528,L,G,,Artifact collection lost
07B065,1527,H,S,1,
07B066,1527,H,S,1,
07B067,1527,M,G,,
07B068,1527,M,G,,
07B069,1554,L,G,,
07B070,1554,L,G,,
07B071,1555,L,G,,"Location lost, not on map"
07B072,1556,L,G,,
07B073,1556,L,G,,
07B074,1557,L,G,,
07B075,1558,L,G,,
07B076,1559,L,G,,
07B077,1560,L,G,,
07B078,1560,L,G,,
07B079,1561,L,G,,
07B080,1562,L,G,,
07B081,1563,L,G,,
07B082,1564,L,G,,
07B083,1564,H,S,1,
07B084,1564,H,S,1,
07B085,1565,L,G,,"Stone slab graves, stone circle, ash pits"
07B086,1565,M,G,,"Wall, stone circle, ash pits"
07B087,1565,L,G,,Grave
07B088,1710,L,G,,
07B089,1711,L,G,,"Stone piles, stone circle"
07B090,1712,L, ,,"Stone piles, stone circle£¬ Stone mortar"
07B091,1712,L,G,,Stone slab graves
07B092,1712,L,G,,"Stone slab graves, artifact collection lost"
07B093,1713,L,G,,
07B094,1714,L,G,,
07B095,1715,L,G,,
07B096,1716,L,G,,"Stone slab graves, ash pits"
07B097,1716,M,G,,"Liao grave, ash pits"
07B098,1716,M,G,,Liao brick grave
07B099,1717,M,G,,"Stone slab grave, ash pits"
07B100,1717,L,G,,Stone slab grave
07B101,1718,L,G,,Stone slab grave
07B102,1719,L,G,,Ash pits
07B103,1719,L,G,,
07B104,1720,L,G,,Looted stone piles
07B105,1721,L,G,,Stone wall with bastions; stone circles; post holes; ash pits; earth wall
07B106,1721,L,G,,Stone slab grave
07B107,1722,L,G,,Stone piles
07B108,1723,L,G,,"Stone wall with bastions, stone circle"
07B109,1723,H,S,1,"Stone wall with bastions, stone circle£¬stone piles"
07B110,1723,H,S,1,"Stone wall, stone circle"
07B111,1724,L,G,,Previous excavations by Jilin University
07B112,1725,L,G,,Looted stone piles
07B113,1719,L,G,,Ash pits
07B114,1726,L,G,,Stone slab grave
07B115,1729,H,G,,Stone circle
07B116,1770,H,G,,Looted stone piles
07B117,1770,H,G,,
07B118,1770,M,G,,Stone graves to northeast of site
07B119,1771,H,G,,
07B120,1771,H,S,1,
07B121,1771,M,S,1,
07B122,1771,H,G,,
07B123,1771,H,G,,
07B124,1772,L,G,,Stone slab graves
07B125,1773, ,G,,
07B126,1773, ,G,,
07B127,1773, ,G,,
07B128,1774, ,G,,
07B129,1775,H,G,,
07B130,1775,H,G,,
07B131,1776,H,G,,
07B132,1777,L,G,,
07B133,1778,L,G,,Artifact collection lost
07B134,1779,L,G,,
07B135,1779,L,G,,
07B136,1780,L,G,,
07B137,1781,M,G,,Stones
07B138,1782,M,G,,
07B139,1783,L,G,,
07B140,1784,H,G,,
07B141,1784,H,G,,
07B142,1784,H,G,,
07B143,1785,H,G,,
07B144,1785,H,G,,
07B145,1785,H,S,1,
07B146,1785,H,S,1,
07B147,1785,H,S,1,
07B148,1786,H,G,,
07B149,1786,H,G,,
07B150,1787,H,G,,
07B151,1788,H,G,,
07B152,1789,H,G,,
07B153,1790,H,G,,
07B154,1791,H,G,,
07B155,1791,H,G,,
07B156,1792,H,G,,
07B157,1792,H,G,,
07B158,1793,H,G,,
07B159,1794,H,G,,
07B160,1791,H,G,,
07B161,1795,H,G,,
07B162,1796,H,G,,
07B163,1796,H,G,,
07B164,1797,H,S,1,"Stone circle, stone piles, defensive walls and ditches"
07B165,1797,H,G,,Stone circle
07B166,1798,H,G,,"Stone wall, stone circle, ash pits"
07B167,1799,H,G,,Stone piles
07B168,1799, ,S,1,Stone piles
07B169,1799,H,G,,Stone slab graves
07B170,1597,H,G,,
07B171,1597,H,G,,Ash pits
07B172,1597,H,S,1,Stone piles
07B173,1597,H,S,1,
07B174,1597,H,G,,
07B175,1598,H,G,,
07B176,1600,H,G,,
07B177,1600,H,G,,
07B178,1601,H,G,,
07B179,1601,H,G,,
07B180,1601,H,G,,
07B181,1607,H,G,,
07B182,1602,H,G,,
07B183,1602,H,G,,
07C001,1431,H,G,,
07C002,1431,H,G,,
07C003,1432,H,G,,
07C004,1431,H,G,,
07C005,1433,H,G,,
07C006,1433,H,G,,
07C007,1433,H,G,,
07C008,1433,H,G,,
07C009,1433,H,G,,
07C010,1433,H,G,,
07C011,1433,H,G,,
07C012,1434,H,G,,
07C013,1435,H,G,,
07C014,1435,H,G,,
07C015,1435,H,G,,
07C016,1435,H,G,,
07C017,1435,H,G,,
07C018,1436,H,G,,
07C019,1436,M,G,,
07C020,1436, ,G,,
07C021,1436,H,S,1,
07C022,1436,H,G,,
07C023,1436,H,G,,
07C024,1437,H,G,,
07C025,1438,H,G,,
07C026,1439,H,G,,
07C027,1440,H,G,,
07C028,1440,H,G,,
07C029,1440,H,S,1,
07C030,1440,H,G,,Stone circle
07C031,1440, , ,,Stone circle; no artifacts
07C032,1441,H,G,,Burned earth
07C033,1442,H,G,,
07C034,1443,H,G,,
07C035,1443,H, ,,
07C036,1443,H,G,,
07C037,1443,H,G,,
07C038,1443,M,G,,
07C039,1443,H,G,,
07C040,1443,H,G,,
07C041,1443,H,G,,
07C042,1443,H,G,,
07C043,1443,H, ,,
07C044,1443,H,G,,
07C045,1443,H,G,,
07C046,1443,H,G,,
07C047,1443,H,G,,
07C048,1443,H,G,,
07C049,1443,H,G,,
07C050,1443,H,G,,
07C051,1444,H,G,,
07C052,1445,H,G,,
07C053,1579,H,G,,
07C054,1580,H,G,,
07C055,1580,H,G,,
07C056,1581,H,G,,
07C057,1582,H,G,,
07C058,1582,H,G,,
07C059,1582,H,G,,
07C060,1582,H,G,,
07C061,1583,H,G,,
07C062,1584,H,G,,
07C063,1585,H,G,,
07C064,1586,H,G,,
07C065,1587,H,G,,
07C066,1587,H,G,,
07C067,1587,H,G,,
07C068,1587,H,G,,
07C069,1587,H,G,,
07C070,1587,H,G,,
07C071,1587,H,G,,
07C072,1587,H,G,,
07C073,1587,H,G,,
07C074,1587,H,G,,
07C075,1588,H,G,,
07C076,1588,H,G,,
07C077,1589,H,G,,
07C078,1590,H,G,,
07C079,1590,H,G,,
07C080,1590,H,G,,
07C081,1590,H,G,,
07C082,1590,H,G,,
07C083,1670,H,G,,
07C084,1671,H,G,,
07C085,1671,H,G,,
07C086,1672,H,G,,
07C087,1673,H,G,,
07C088,1673,H,G,,
07C089,1673,H,G,,
07C090,1673,H,G,,
07C091,1673,H,G,,
07C092,1673,H,G,,
07C093,1674,H,G,,
07C094,1675,H,G,,
07C095,1676,H,G,,
07C096,1676,H,G,,
07C097,1677,H,G,,
07C098,1678,H,G,,
07C099,1679,H,G,,
07C100,1680,H,G,,
07C101,1681,H,G,,
07C102,1681,H,G,,
07C103,1682,H,G,,
07C104,1682,H,G,,
07C105,1682,H,G,,
07C106,1682,H,G,,
07C107,1683,H,G,,
07C108,1684,H,G,,
07C109,1685,H,G,,
07C110,1686,H,G,,
07C111,1687,H,G,,
07C112,1687,H,G,,
07C113,1687,H,G,,
07C114,1687,H,G,,
07C115,1687,H,G,,
07C116,1688,H,G,,
07C117,1688,H,G,,
07C118,1689,H,G,,
07C119,1689,H,G,,
07C120,1800,H,G,,
07C121,1801,H,G,,
07C122,1802,H,G,,
07C123,1803,H,G,,
07C124,1804,M,G,,
07C125,1804,H,G,,
07C126,1805,H,G,,
07C127,1806,H,G,,
07C128,1806,H,G,,
07C129,1806,H,G,,
07C130,1807,H,G,,
07C131,1807,H,G,,
07C132,1807,H,G,,
07C133,1808,H,G,,
07C134,1809,M,G,,
07C135,1810,H,G,,
07C136,1810,H,G,,
07C137,1811,M,G,,
07C138,1811,M,G,,
07C139,1812, ,G,,
07C140,1813,M,G,,
07C141,1814,M,G,,
07C142,1815,M,G,,
07C143,1814,H,G,,
07C144,1814,H,G,,
07C145,1814,H,G,,
07C146,1814,H,G,,
07C147,1814,H,G,,Ash pit
07C148,1814,H,G,,
07C149,1814,H,G,,
07C150,1814,M,G,,
07C151,1434,H,G,,
07C152,1816,H,G,,
07C153,1817,H,G,,
07C157,1004,H,S,1,
07C158,1004,M,S,1,
07C159,1004,M,S,1,
07C160,1004,M,S,1,
07C161,1004,M,S,1,
07C162,1004,M,S,1,
07C163,1004,M,S,1,
07C164,1004,M,G,,
07C165,1004,H,S,2,
07C166,1004,M,S,1,
07C167,1004,M,S,1,
07C168,1004,M,S,1,
07C169,1004,M,S,1,
07C170,1004,M,S,1,
07C171,1004,M,S,1,
07C172,1004,M,S,1,
07C173,1004,M,S,1,
07C174,1004,M,S,1,
07C175,1004,M,G,,
07C176,1004,M,G,,
07D001,1466,H,G,,
07D002,1467,M,G,,
07D003,1468,M,S,1,
07D004,1468,M,S,1,
07D005,1469,H,G,,
07D006,1470,H,S,1,
07D007,1470,H,S,1,
07D008,1470,H,S,1,
07D009,1470,H,S,1,
07D010,1470,H,S,1,
07D011,1470,H,S,1,
07D012,1470,M,S,1,
07D013,1470,H,S,1,
07D014,1470,M,S,3,
07D015,1470,M,S,1,
07D016,1471,L,G,,
07D017,1472,M,G,,
07D018,1473,M,G,,
07D019,1474,M,G,,
07D020,1475,L,G,,
07D021,1476,M,G,,
07D022,1477,L,G,,
07D023,1478,M,G,,
07D024,1479,L,G,,
07D025,1480, , ,,
07D026,1481,H,G,,
07D027,1529,M,G,,
07D028,1530,M,G,,
07D029,1531,H,G,,
07D030,1532,M,G,,
07D031,1533,L,G,,
07D032,1534,L,G,,Artifact collection lost
07D033,1535,M,G,,
07D034,1536,M,G,,Artifact collection lost
07D035,1536,M,G,,
07D036,1536,M,G,,
07D037,1537,M,G,,
07D038,1538,M,G,,
07D039,1538,M,G,,
07D040,1538,M,G,,
07D041,1538,M,G,,
07D042,1538,M,G,,
07D043,1538,M,G,,
07D044,1538,M,G,,
07D045,1538,M,G,,
07D046,1538,M,G,,
07D047,1538,M,G,,
07D048,1538,M,G,,
07D049,1539,M,S,1,
07D050,1539,M,S,1,
07D051,1541,M,G,,
07D052,1542,M,G,,
07D053,1543,M,G,,
07D054,1543,M,G,,
07D055,1543,M,G,,
07D056,1543,M,G,,
07D057,1543,M,G,,
07D058,1543,M,G,,
07D059,1543,M,G,,
07D060,1543,M,G,,
07D061,1543,M,G,,
07D062,1543,M,G,,
07D063,1543,M,G,,
07D064,1543,M,G,,
07D065,1543,M,G,,
07D066,1544,M,G,,
07D067,1544,M,G,,
07D068,1544,M,G,,
07D069,1544,M,G,,
07D070,1544,M,G,,
07D071,1544,M,G,,
07D072,1544,M,G,,
07D073,1545,M,G,,
07D074,1546,M,G,,
07D075,1547,M,G,,
07D076,1548,L,G,,Stone slab graves
07D077,1549,M,G,,Stone slab graves
07D078,1550,M,G,,
07D079,1551,M,G,,
07D080,1552,M,G,,
07D081,1552,M,G,,
07D082,1553,M,G,,
07D083,1645,M,G,,
07D084,1646,M,G,,
07D085,1646,M,G,,
07D086,1649,L,G,,
07D087,1650,H,G,,
07D088,1650,H,G,,
07D089,1651,M,G,,
07D090,1652,M,G,,
07D091,1653,M,G,,
07D092,1654,M,G,,
07D093,1654,M,G,,
07D094,1655,M,G,,
07D095,1652,M,G,,
07D096,1654,M,G,,
07D097,1654,M,G,,
07D098,1656,M,G,,Stone slab graves
07D099,1657,M,G,,Stone slab graves
07D100,1658,M,G,,Stone slab graves
07D101,1659,M,S,1,
07D102,1659,M,S,1,
07D103,1659,M,S,1,
07D104,1659,M,S,1,
07D105,1659,M,S,1,
07D106,1660,M,G,,
07D107,1661,M,G,,Stone slab graves
07D108,1663,M,G,,Stone slab graves
07D109,1663,M,G,,
07D110,1664,L,G,,
07D111,1665,M,G,,Earth wall
07D112,1665,M,G,,Earth wall
07D113,1666,H,G,,
07D114,1666,H,G,,
07D115,1666,H,G,,
07D116,1666,H,G,,
07D117,1666,H,G,,
07D118,1667,M,G,,Stone slab graves
07D119,1667,M,G,,Stone slab graves
07D120,1667,M,G,,
07D121,1669,H,G,,Burned earth
07D122,1666,M,G,,Burned earth
07D123,1666,M,G,,Burned earth
07D124,1666,M,G,,Burned earth
07D125,1730,L,G,,"Stone slab graves, human bone"
07D126,1731,M,G,,"Stone slab graves, human bone, artifact collection lost"
07D127,1732,L,G,,
07D128,1733,M,G,,Grave
07D129,1733,M,G,,
07D130,1733,M,G,,
07D131,1734,M,G,,
07D132,1735,M,G,,
07D133,1736,H,G,,Ash pits
07D134,1736,H,S,1,Ash pits
07D135,1736,H,S,1,Ash pits
07D136,1737,H,S,1,
07D137,1737, ,S,1,
07D138,1738,L, ,,
07D139,1738,L,G,,
07D140,1739,M,G,,
07D141,1739,M,G,,
07D142,1740,L,G,,
07D143,1740,L,G,,
07D144,1739,L,G,,
07D145,1741,M,G,,
07D146,1741,M,G,,
07D147,1741,M,G,,
07D148,1742,M,G,,
07D149,1742,M,G,,
07D150,1742,M,G,,
07D151,1742,M,G,,
07D152,1743,M,G,,
07D153,1739,L,G,,
07D154,1739,M,G,,
07D155,1744,L,G,,
07D156,1745,M,G,,
07D157,1746,L,G,,
07D158,1747,L,G,,
07D159,1748,L,G,,Artifact collection lost
07D160,1749,L,G,,
07D161,1830,L,G,,
07D162,1831,L,G,,
07D163,1842,M,G,,
07D164,1842,M,G,,
07D165,1843,L,G,,
07D166,1844,M,G,,
07D167,1844,M,G,,
07D168,1844,M,G,,
07D169,1845,L,G,,
07D170,1846,L,G,,
07D171,1847,L,G,,
07D172,1848,L,G,,
07D173,1848,L,G,,
07D174,1849,L,G,,
07D175,1850,H,G,,
07D176,1850,H,G,,
07D177,1850,H,G,,
07D178,1851,M,G,,
07D179,1851,M,G,,
07D180,1851,M,G,,
07D181,1851,M,G,,
07D182,1852,M,G,,
07D183,1852,M,G,,
07D184,1852,M,G,,
07D185,1852,M,G,,
07D186,1853,M,G,,
07D187,1853,M,G,,
07D188,1853,M,G,,
07D189,1854,M,G,,
07E001,1446,L,G,,
07E002,1447,H,G,,
07E003,1448,H,G,,
07E004,1449,M,G,,
07E005,1450,H,G,,
07E006,1451,H,G,,
07E007,1452,H,G,,Artifact collection lost
07E008,1453,H,G,,
07E009,1454,M,G,,
07E010,1455,L,G,,
07E011,1455,L,G,,
07E012,1455,L,G,,
07E013,1455,L,G,,
07E014,1456,L,G,,
07E015,1457,M,G,,
07E016,1458,M,G,,
07E017,1459,M,G,,
07E018,1460,M,G,,
07E019,1461,L,G,,
07E020,1462,H,G,,
07E021,1462,M,S,2,
07E022,1463,M,G,,
07E023,1464,M,G,,
07E024,1465,L,G,,
07E025,1465,L,G,,
07E026,1566,M,G,,
07E027,1567,M,G,,
07E028,1568,M,G,,
07E029,1569,H,G,,
07E030,1570,L,G,,
07E031,1571,M,G,,
07E032,1572,M,G,,
07E033,1573,M,G,,
07E034,1573,M,G,,
07E035,1573,M,G,,
07E036,1574,M,G,,
07E037,1575,L,G,,
07E038,1576,M,G,,ceramics lost
07E039,1577,L,G,,
07E040,1578,M,G,,
07E041,1618,L,G,,
07E042,1619,L,G,,
07E043,1620,M,G,,
07E044,1621,L,G,,
07E045,1622,L,G,,
07E046,1623,L,G,,
07E047,1623,L,G,,
07E048,1623,L,G,,
07E049,1623,L,G,,
07E050,1624,L,G,,
07E051,1625,L,G,,
07E052,1626,L,G,,
07E053,1626,L,G,,
07E054,1626,L,G,,
07E055,1626,L,G,,
07E056,1626,L,G,,
07E057,1627,M,G,,
07E058,1627,M,G,,
07E059,1628,M,G,,
07E060,1628,M,G,,
07E061,1628,M,G,,
07E062,1629,M,G,,
07E063,1630,M,G,,
07E064,1630,M,G,,
07E065,1630,M,G,,
07E066,1631,M,G,,
07E067,1632,M,G,,
07E068,1633,M,G,,
07E069,1634,L,G,,
07E070,1634,L,G,,
07E071,1635,L,G,,
07E072,1636,L,G,,
07E073,1637,H,G,,
07E074,1638,H,G,,
07E075,1639,L,G,,
07E076,1639,L, ,,
07E077,1639,L,G,,
07E078,1640,L,G,,
07E079,1641,M,G,,
07E080,1642,H,G,,
07E081,1643,H,G,,
07E082,1644,M,G,,
07E083,1690,M,G,,
07E084,1691,M,G,,
07E085,1692,H,G,,
07E086,1693,H,G,,
07E087,1693,H,G,,
07E088,1694,H,G,,
07E089,1695,M,G,,
07E090,1695,M,G,,
07E091,1695,L,G,,
07E092,1695,L,G,,
07E093,1696,L,G,,
07E094,1697,L,G,,
07E095,1697,L,G,,
07E096,1698,L,G,,
07E097,1698,M,G,,
07E098,1698,M,G,,
07E099,1698,M,G,,
07E100,1698,M,G,,
07E101,1699,M,G,,
07E102,1700,M,G,,
07E103,1700,M,G,,
07E104,1700,M,G,,
07E105,1701,M,G,,
07E106,1702,M,G,,
07E107,1703,M,G,,
07E108,1703,M,G,,
07E109,1704,M,G,,
07E110,1705,M,G,,
07E111,1706,M,G,,
07E112,1707,M,G,,
07E113,1708,M,G,,
07E114,1709,M,G,,
07E115,1750,L,G,,
07E116,1751,H,G,,
07E117,1752,H,G,,
07E118,1753,H,G,,
07E119,1754,H,G,,
07E120,1754,H,G,,
07E121,1755,H,G,,
07E122,1755,H,G,,
07E123,1756,H,G,,
07E124,1757,H,G,,
07E125,1758,H,G,,
07E126,1755,H,G,,
07E127,1759,H,G,,
07E128,1759,H,G,,
07E129,1760,M,G,,
07E130,1761,H,G,,
07E131,1762,H,G,,
07E132,1763,H,G,,
07E133,1764,H,G,,
07E134,1765,H,G,,
07E135,1768,H,G,,
07E136,1767,M,G,,
07E137,1767,M,G,,
07E138,1767,M,G,,
07E139,1767,M,G,,
07E140,1767,M,G,,
07E141,1767,M,G,,
07E142,1768,H,G,,
07E143,1768,H,G,,
07E144,1768,H,G,,
07E145,1768,H,G,,
07E146,1768,H,G,,
07E147,1768,H,G,,
07E148,1769,H,G,,
07E149,1857,H,G,,
07E150,1858,H,G,,
07E151,1858,H,G,,
07E152,1858,H,S,1,Very large area of burned earth
07E153,1858,H,G,,
07E154,1858,M,G,,
07E155,1859,H,G,,
07E156,1859,H,G,,
07E157,1859,H,G,,
07E158,1859,H,G,,
07E159,1859,H,S,1,
07E160,1859,H,G,,
07E161,1859,H,G,,
07E162,1859,H,G,,
07E163,1859, ,G,,
07E164,1859,H,G,,
07E165,1859,H,G,,
07E166,1859,H,G,,
07E167,1859,H,G,,
07E168,1860,H,G,,
07E169,1860,H,G,,
07E170,1861,H,G,,
07E171,1861,H,G,,
07E172,1872,H,G,,
07E173,1872,H,G,,
07E174,1872,H,G,,
07E177,1004,L,G,,
07E178,1004,L,G,,
07E179,1004,L,G,,
07E180,1004,L,G,,
07E181,1004,H,G,,
07E182,1004,H,G,,
07E183,1004,H,G,,
07E184,1004,H,G,,
07E185,1004,H,G,,
07E186,1004,H,G,,
07E187,1004,H,G,,
07E188,1004,H,G,,
07E189,1004,H,G,,
07E190,1004,H,G,,
07F001,1647,M,G,,Stone slab graves; no artifacts
07F002,1648,M,G,,Stone slab graves; no artifacts
07F003,1668,M,G,,Stone slab graves; no artifacts
07F004,1728,M,G,,Stone slab graves; no artifacts
07F005,1540,M,G,,Stone slab graves; no artifacts
07F006,1727,M,G,,Stone slab graves; no artifacts
07F007,1499,M, ,,Possible grinding stone not collected; no other artifacts
98A001,201,H,S,2,
98A002,201,H,S,1,
98A003,201,H,S,1,Concentration of stones
98A004,201,H,S,2,
98A005,201,H,S,2,
98A006,201,H,S,2,
98A007,201,H,S,1,
98A008,201,H,S,3,
98A009,201,H,S,2,
98A010,201,H,S,2,
98A011,202,H,S,1,
98A012,202,H,G,,
98A013,203,H,G,,
98A014,204,H,G,,
98A015,204,H,S,1,
98A016,204,H,S,2,
98A017,204,H,G,,
98A018,204,H,S,1,
98A019,204, ,S,1,
98A020,204,H,G,,
98A021,201,M,G,,
98A022,205,H,G,,
98A023,206,H,G,,
98A024,207,H,G,,
98A025,207,H,G,,
98A026,207,H,G,,
98A027,207,H,G,,
98A028,207,H,G,,
98A029,207,H,G,,
98A030,207,H,G,,
98A031,208,H,G,,Stone sample from modern quarry
98A032,209,H,G,,
98A033,210,H,G,,Stone sample from modern quarry
98A034,210,H,G,,
98A035,210,H,G,,
98A036,210,H,G,,
98A037,210,H,G,,
98A038,210,H,G,,
98A039,210,H,G,,
98A040,210,H,G,,
98A041,210,H,G,,
98A042,211,H,G,,
98A043,210,H,G,,
98A044,212,H,G,,Whole vessel possibly not in situ
98A045,213, ,S,2,
98A046,213,M,S,4,
98A047,213,M,S,4,
98A048,213,M,G,,
98A049,213,M,G,,
98A050,214,H,G,,
98A051,215,H,G,,
98A052,215,H,G,,
98A053,236,M,G,,
98A054,236,H,G,,
98A055,213,H,G,,
98A056,213,H,G,,
98A057,213,H,G,,
98A058,236,H,G,,
98A059,236,H,G,,
98A060,236,M,G,,
98A061,236,H,G,,
98A062,237,H,G,,
98A063,238,H,G,,
98A064,239,H,G,,
98A065,240,H,G,,
98A066,241,H,G,,
98A067,242,H,G,,
98A068,243,H,G,,
98A069,244,H,G,,
98A070,245,H,G,,
98A071,246,M,G,,
98A072,247,M,G,,
98A073,247,H,G,,
98A074,248,M,S,1,
98A075,249,H,G,,
98A076,250,H,G,,
98A077,251,L,G,,
98A078,251,L,G,,
98B001,216,H,S,2,
98B002,217,H,G,,
98B003,218,H,G,,
98B004,219,H,G,,
98B005,220,H,G,,
98B006,221,H,G,,
98B007,222,H,G,,
98B008,223,H,G,,
98B009,223,H,G,,
98B010,222,H,G,,
98B011,224,H,G,,
98B013,225,H,G,,
98B014,226,H,G,,
98B015,227,H,G,,
98B016,228,H,G,,
98B017,229,H,G,,
98B018,230,H,G,,
99A001,231,H,G,,
99A002,231,H,G,,
99A003,232,H,G,,
99A004,232,H,G,,
99A005,233,H,G,,
99A006,234,H,G,,
99A007,235,H,G,,
99A008,235,M,G,,
99A009,252,M,G,,
99A010,252,M,G,,
99A011,253,H,G,,
99A012,253,H,G,,
99A013,254,H,G,,
99A014,254,H,S,1,
99A015,254,H,G,,
99A016,255,H,G,,
99A017,256,H,G,,
99A018,257,H,G,,
99A019,257,H,G,,
99A020,257,H,G,,
99A021,257,H,G,,
99A022,258,H,G,,
99A023,259,H,G,,
99A024,259,H,G,,
99A025,259,H,G,,
99A026,259,H,G,,
99A027,259,H,G,,
99A028,260,H,S,1,
99A029,260,H,G,,
99A030,260,H,G,,
99A031,260,H,G,,
99A032,260,H,G,,
99A033,260,H,G,,
99A034,261,H,G,,
99A035,261,H,G,,
99A036,297,H,G,,
99A037,298,H,G,,
99A038,296,H,G,,
99A039,260,H,G,,
99A040,299,H,G,,
99A041,300,H,G,,
99A042,300,H,G,,
99A043,301,H,G,,
99A044,301,H,G,,
99A045,301,H,G,,
99A046,301,H,G,,
99A047,301,H,G,,
99A048,301,H,G,,
99A049,301,H,G,,
99A050,301,H,G,,
99A051,302,H,G,,
99A052,301,H,G,,
99A053,301,H,G,,
99A054,301,H,G,,
99A055,301,H,G,,
99A056,301,H,G,,
99A057,301,H,G,,
99A058,303,H,G,,
99A059,304,H,G,,
99A060,305,H,G,,
99A061,306,M,G,,
99A062,411,M,G,,
99A063,411,M,G,,
99A064,412,H,G,,
99A065,413,H,G,,
99A066,414,H,G,,
99A067,414,H,G,,
99A068,414,H,G,,
99A069,415,H,G,,
99A070,496, , ,,
99A071,416,H,G,,
99A072,417,H,G,,
99A073,418,H,G,,
99A074,418,H,G,,
99A075,419,H,G,,
99A076,420,H,G,,
99A077,442,H,G,,
99A078,442,H,G,,
99A079,418,H,G,,
99A080,418,H,G,,
99A081,443,H,G,,
99A082,444,H,G,,
99A083,445,H,G,,
99A084,446,H,G,,
99A085,446,M,G,,
99A086,446,H,S,1,Ashy soil
99A087,446,H,G,,
99A088,447,H,G,,
99A089,447,H,G,,
99A090,448,H,G,,
99A091,449,H,G,,
99A092,450,H,G,,
99A093,451,M,G,,
99A094,497,H,G,,
99A095,498,H,G,,
99A096,499,H,G,,
99A097,500,H,G,,
99A098,501,H,G,,
99A099,501,H,G,,
99A100,501,H,S,2,
99A101,501,H,S,1,
99A102,501,H,S,3,Close to site wall
99A103,501,H,G,,
99A104,502,H,G,,
99A105,503,H,G,,
99A106,503,H,G,,
99A107,503,H,G,,
99A108,504,M,G,,
99A109,504,M,G,,
99A110,504,M,G,,
99A111,504, , ,,Gift from farmer; not on map (cf. Site 406)
99A112,505,M,G,,
99A113,505,M,G,,
99A114,505,M,G,,
99A115,505,H,G,,
99A116,506,M,G,,
99A117,505,M,G,,
99A118,505,M,G,,
99A119,505,M,G,,
99A120,505,M,G,,
99A121,504,M,G,,
99A122,504,M,G,,
99A123,504,M,G,,
99A124,505,M,G,,
99A125,505,M,G,,
99A126,505,M,G,,
99A127,505,M,G,,
99A128,505,M,G,,
99A129,505,M,G,,
99A130,505,M,G,,
99A131,505,M,G,,
99A132,505,M,G,,
99A133,505,M,G,,
99A134,505,M,G,,
99A135,505,M,G,,
99A136,505,M,G,,
99A137,505,M,G,,
99A138,505,M,G,,
99A139,505,M,G,,
99A140,505,M,G,,
99A141,507,M,G,,
99A142,508,M,G,,
99A143,508,M,G,,
99A144,510,M,G,,
99A145,509,M,G,,
99A146,511,M,G,,
99A147,512,M,G,,
99A148,513,M,G,,
99A149,514,M,G,,
99A150,514,L,S,1,
99A151,514,M,G,,
99A152,514,M,G,,
99A153,514,H,G,,
99A154,514,M,G,,
99A155,514,H,G,,
99A156,514,H,G,,
99A157,514,H,G,,
99A158,514,H,G,,
99A159,514,M,S,1,
99A160,514,H,S,1,
99A161,514,M,G,,
99A162,514,M,G,,
99A163,514,M,G,,
99A164,514,M,G,,
99A165,514, , ,,
99A166,514,M,G,,
99A167,514,H,G,,
99A168,514,H,G,,
99A169,514,H,G,,
99A170,514,M,S,1,
99A171,514,M,S,1,
99A172,514,M,G,,
99A173,515,H,G,,
99A174,516,H,G,,
99A175,516,H,G,,
99A176,517,M,G,,
99A177,518,M,G,,
99A178,563,M,G,,
99A180,564,M,G,,"No collection made, recollected as 06A034-039, 054-057"
99A181,566, , ,,No collection made
99A182,565, , ,,No collection made
99A183,567,M,G,,
99A184,568,M,G,,
99A185,570,M,G,,
99A186,570,M,G,,
99B001,262,H,G,,Ashy soil
99B002,263,H,G,,Stone slab grave
99B003,264,H,G,,
99B004,264,H,G,,
99B005,264,H,G,,Ashy soil
99B006,264,H,G,,
99B007,264,H,G,,Possible stone slab grave
99B008,265,H,S,1,
99B009,265,H,S,2,
99B010,265,H,G,,
99B011,262,H,G,,
99B012,266,H,G,,Stone walls
99B013,266,H,S,1,Outer wall
99B014,267,M,G,,
99B015,268,H,G,,
99B016,269,H,G,,
99B017,269,M,G,,
99B018,269,H,G,,
99B019,270,H,S,1,Stone altar surrounded by tamped earth wall
99B020,270,H,S,1,
99B021,270,H,S,1,
99B022,270,H,S,1,
99B023,270,H,S,1,
99B024,271,H,G,,
99B025,272,M,G,,
99B026,272,M,G,,
99B027,273,M, ,,No collection made
99B028,274,M,G,,
99B029,274,M,G,,
99B030,274,M,G,,
99B031,275,M,G,,
99B032,276,H,G,,
99B033,276,H,G,,Warring States tomb with red & black pottery
99B034,276,H,G,,
99B035,276,H,S,4,
99B036,276,H,G,,
99B037,327,M,G,,
99B038,328,M,G,,
99B039,276,H,S,4,
99B040,276,H,G,,
99B041,276,H,G,,
99B042,276,H,G,,
99B043,276,H,G,,
99B044,329,H,G,,
99B045,330, ,G,,
99B046,330,H,G,,
99B047,330,H,G,,
99B048,421,H,G,,
99B049,481,M,G,,
99B050,481,M,G,,
99B051,482,M,G,,
99B052,483,M,G,,
99B053,422,M,G,,
99B054,422,M,G,,
99B055,423,M,G,,
99B056,423,M,G,,
99B057,423,M,S,2,"Unit too large, recollected as 06A004"
99B058,424,H,G,,"Stone circle, no collection made; recollected as 06A006"
99B059,423,M,G,,
99B060,429, ,G,,
99B061,425,M,G,,
99B062,426,H,G,,
99B063,427,H, ,,
99B064,428,H, ,,No collection made; recollected as 06A007
99B065,430,M,G,,
99B066,431,M,G,,
99B067,478,M,G,,
99B068,479,M,G,,
99B069,479,M,S,3,
99B070,480,M,G,,
99B071,480,M,G,,
99B072,481,M,G,,
99B073,484,M,S,4,
99B074,485,M,G,,
99B075,519,M,G,,
99B076,520,M,G,,
99B077,521,M,G,,"Liao tomb, disturbed"
99B078,522,M,G,,"Liao tomb, disturbed"
99B079,522,M,G,,
99B080,522,M,S,1,
99B081,522,M,S,2,
99B082,522,M,G,,
99B083,522,M,S,1,
99B084,522,M,G,,
99B085,523,M,G,,
99B086,524,M,G,,
99B087,524,M,G,,
99B088,525,M,S,4,
99B089,526,M,G,,
99B090,527,M,G,,
99B091,528,M,G,,
99B092,528,M,S,2,
99B093,529, ,G,,
99B094,530,M,G,,
99B095,531,M,G,,
99B096,595,M,G,,
99B097,593,M,G,,
99B098,594,M,G,,
99B099,596,M,G,,
99B100,597,M,G,,
99B101,599,H,G,,
99B102,598,M,G,,
99B103,600,H,G,,
99B104,599,M,G,,
99B105,599,M,G,,
99B106,633,M,G,,
99B107,634,H,G,,
99B108,634,M,G,,
99B109,634,M,G,,
99B110,635,M,G,,
99B111,636,M,G,,
99B112,557,M,G,,
99B113,557,M,G,,
99B114,558,M,S,1,
99B115,558,M,G,,
99B116,559,H,G,,
99B117,560,M,G,,
99B118,561,H,G,,
99B119,561,H,S,1,
99B120,562,H,G,,
99B121,561,M,G,,
99B122,561,M,G,,
99B123,637,M,G,,
99B124,637,M,G,,
99B125,561,H,G,,
99B126,637,M,S,1,
99B127,638, ,S,1,
99B128,638,M,G,,
99B129,639,M,G,,
99B130,640,H,G,,
99B131,641,M,G,,
99B132,560,M,G,,
99C001,277,H,G,,
99C002,278,H,G,,
99C003,279,L,G,,
99C004,279,L,G,,
99C005,280,M,G,,
99C006,281,M,G,,
99C007,282,M,G,,
99C008,283,H,G,,
99C009,284,H,G,,
99C010,284,H,S,1,
99C011,284,H,S,2,
99C012,284,H,S,3,
99C013,285,M,G,,
99C014,286,H,G,,
99C015,287,H,G,,
99C016,288,H,G,,
99C017,289,M,G,,
99C018,290,H,G,,
99C019,290,H,S,1,
99C020,290,H,S,1,
99C021,290,H,S,3,
99C022,290,H,S,1,
99C023,292, , ,,"No collection made, recollected as 06A047-051"
99C024,293,H, ,,"No collection made, recollected as 06A041-046"
99C025,294,M,G,,
99C026,295,H,G,,
99C027,393,H,G,,
99C028,394,H,G,,
99C029,395,M,G,,
99C030,396,H,G,,
99C031,397,H,G,,
99C032,398,H,G,,
99C033,400,H,G,,
99C034,401,H,G,,
99C035,401,H,S,1,
99C036,401,H,S,1,
99C037,402,H,G,,
99C038,403,H,G,,
99C039,404,H,G,,
99C040,405,H,G,,"Stone circle, no collection made, recollected as 06A052-053"
99C041,399,H,G,,
99C101,291, , ,,No collection made
99C102,391,H,G,,
99C103,392,H,G,,
99C104,393,H,G,,
99D001,316,M,G,,
99D002,316,H,G,,
99D003,316,H,G,,
99D004,316,H,G,,
99D005,315,H,G,,
99D006,307,H,G,,
99D007,308,H,G,,
99D008,309,H,G,,
99D009,310,H,G,,
99D010,311,H,G,,
99D011,311,H,G,,
99D012,312,H,S,1,
99D013,312,H,G,,
99D014,312,H,S,1,Adjacent to artificial mound
99D015,312,H,G,,
99D016,313,H,G,,
99D017,314,M,G,,
99D018,331,H,G,,
99D019,332,M,G,,
99D020,309,H,G,,
99D021,309,H,G,,
99D022,309,H,G,,
99D023,309,H,G,,
99D024,309,H,G,,
99D025,309,H,G,,
99D026,309,H,G,,
99D027,309,H,G,,
99D028,333,M,G,,
99D029,334, , ,,"Liao temple, no collection made"
99D030,335,M,G,,On top of stone-walled platform
99D031,336,M, ,,No collection made
99D032,337,M,G,,
99D033,338,M,G,,
99D034,339,M,G,,
99D035,340,H,G,,
99D036,340,H,S,1,
99D037,340,H,S,1,
99D038,340,H,G,,
99D039,312,H,G,,
99D040,312,H,G,,
99D041,312,H,G,,
99D042,341,H,G,,
99D043,342,M,G,,
99D044,342,H,G,,
99D045,342,H,G,,
99D046,343,H,S,1,
99D047,344,H,G,,
99D048,376,H,G,,
99D049,377,H,G,,
99D050,378,H,G,,
99D051,345,M, ,,"Stone circle, no artifacts"
99D052,376,H,G,,
99D053,379,H,G,,
99D054,379,H,G,,
99D055,380,H,G,,
99D056,381,H,G,,
99D057,382,H,G,,
99D058,382,H,S,1,
99D059,382,H,S,1,
99D060,383,H,G,,
99D061,432,M,G,,
99D062,433,H,G,,
99D063,434,H,G,,
99D064,435,H,G,,
99D065,435,H,S,1,
99D066,436,H,G,,
99D067,437,H,G,,No collection made
99D068,438,H, ,,No collection made
99D069,439,M, ,,"No collection made, recollected as 06A001-003"
99D070,440,H,G,,
99D071,440,H,G,,
99D072,441,M,G,,
99D073,384,M,G,,
99D074,385,H,G,,
99D075,386,H,G,,
99D076,387,H,G,,
99D077,388,H,G,,
99D078,389,H,G,,
99D079,389,H,S,1,
99D080,389,H,S,1,
99D081,390,H,G,,
99D082,390,H,G,,
99D083,452,L,G,,
99D084,453,M,G,,
99D085,454,M,G,,Liao Dynasty stone tomb
99D086,388,H,G,,
99D087,388,H,G,,
99D088,455,H,G,,
99D089,489,M,G,,
99D090,489,M,G,,
99D091,491,H,G,,
99D092,455,H,G,,
99D093,493,H,G,,
99D094,493,H,G,,
99D095,493,H,G,,
99D096,492,H,G,,
99D097,492,M,G,,
99D098,492,M,G,,Stone slab grave
99D099,491,M,G,,Stone slab graves
99D100,456,M,G,,
99D101,457,M,G,,
99D102,457,M,G,,
99D103,457,M,G,,
99D104,457,H,S,1,
99D105,457,M,S,3,
99D106,457,M,G,,
99D107,458,H,G,,
99D108,459,H,S,1,Ashy soil
99D109,459,M,G,,
99D110,459,H,G,,
99D111,459,H,S,2,
99D112,460,H,G,,
99D113,460,M,S,1,
99D114,460,H,S,2,
99D115,460,H,S,1,
99D116,460,H,S,2,
99D117,460,H,G,,
99D118,460,H,G,,
99D119,461,M,G,,
99D120,486,H,G,,
99D121,486,H,G,,
99D122,487,H,G,,
99D123,488,H,G,,
99D124,488,H,G,,
99D125,488,H,G,,
99D126,490,M,G,,
99D127,494,M,G,,
99D128,495,M,G,,
99D129,576,M,G,,
99D130,576,M,G,,
99D131,577,M,G,,
99D132,495,M,G,,
99D133,578,M,G,,
99D134,579,L,G,,
99D135,580,M,G,,
99D136,581,H,G,,
99D137,581,H,S,2,
99D138,581,H,S,2,
99D139,581,H,G,,
99D140,582,H,G,,
99D141,583,H,G,,
99D142,584,H,G,,
99D143,585,H,G,,
99D144,585,H,G,,
99D145,586,M,G,,
99D146,587,H,G,,
99D147,587,M,G,,
99D148,588,M,G,,
99D149,589,M,G,,
99D150,590,M,G,,
99D151,590,M,G,,
99D152,590,M,G,,
99D153,590,M,G,,
99D154,591,H,G,,
99D155,591, ,S,1,
99D156,591,H,G,,
99D157,592,H,G,,
99D158,620,M,G,,
99D159,621,H,G,,
99D160,622,H,G,,
99D161,622,H,S,1,
99D162,622,H,S,1,
99D163,409,M,G,,
99D164,409,M,G,,
99D165,406,M,G,,
99D166,406,M,G,,
99D167,406,M,S,3,
99D168,406,H,S,1,
99D169,406,M,G,,
99D170,407,L,G,,
99D171,407,L,G,,
99D172,408,H,G,,
99D173,410,H,G,,
99D174,410,H,G,,
99D175,410,H,G,,
99D176,623,H,G,,
99D177,623,H,S,1,Within the walls
99D178,623,H,S,1,Within the walls
99D179,623,M,G,,
99D180,623, ,G,,
99D181,624,M,G,,
99D182,625,L,G,,
99D183,626,M,G,,
99D184,554,M,G,,
99D185,554,M,G,,
99D186,554,M,G,,
99D187,555,H,G,,
99D188,556,H,G,,"Stone circle, location missing, not on map"
99D189,556, , ,,"Unit too large, recollected as 07A143-147"
99D190,569,M,G,,
99E001,317,H,G,,
99E002,317,H,G,,
99E003,317,H,G,,
99E004,317,M,G,,
99E005,318,H,G,,
99E006,319,H,G,,
99E007,320,H,G,,
99E008,320,H,G,,
99E009,321,H,G,,
99E010,322,H,G,,
99E011,322,L,G,,
99E012,323,H,G,,
99E013,324,H,G,,
99E014,324,H,G,,
99E015,324,H,G,,
99E016,324,H,G,,
99E017,325,H,G,,
99E018,325,H,G,,
99E019,326,H,G,,
99E020,346,H,G,,
99E021,346,H,G,,
99E022,346,H,G,,
99E023,347,H,G,,
99E024,346,H,G,,
99E025,325,H,G,,
99E026,325,H,G,,
99E027,325,H,G,,
99E028,324,H,G,,
99E029,324,H,S,1,
99E030,348,H,G,,
99E031,349,H,G,,
99E032,349,H,G,,
99E033,349,H,G,,
99E034,350,H,G,,
99E035,351,H,G,,
99E036,351,H,G,,
99E037,352,H,G,,
99E038,353,H,S,1,
99E039,353,H,S,1,
99E040,351,H,G,,
99E041,354,H,G,,
99E042,355,H,G,,
99E043,356,H,G,,
99E044,357,H,G,,
99E045,358,H,G,,
99E046,358,H,G,,
99E047,359,M,G,,
99E048,360,M,G,,
99E049,360,M,G,,
99E050,361,M,G,,
99E051,362,H,G,,
99E052,362,M,G,,
99E053,363,M,G,,
99E054,363,M,G,,
99E055,363,H,G,,
99E056,364,M,G,,Looted grave
99E057,365,H,G,,
99E058,366,H,G,,
99E059,366,M,G,,
99E060,367,H,G,,
99E061,367,M,G,,
99E062,367,M,G,,
99E063,367,M,G,,
99E064,368,M,G,,
99E065,369,H,G,,
99E066,369,H,G,,
99E067,369,H,G,,
99E068,368,M,G,,
99E069,369,M,G,,
99E070,369,M,G,,
99E071,369,M,G,,
99E072,369,M,S,1,
99E073,369,M,G,,
99E074,368,M,G,,
99E075,370,H,G,,
99E076,371,H,G,,
99E077,372,H,G,,
99E078,373,H,G,,
99E079,374,H,G,,
99E080,375,H,G,,
99E081,462,M,G,,
99E082,462,H,G,,
99E083,463,H,G,,
99E084,573,H,G,,
99E085,574,M,G,,
99E086,464,M,G,,
99E087,465,L,G,,
99E088,465,M,G,,
99E089,575,M,G,,
99E090,466,M,G,,
99E091,467,M,G,,
99E092,468,M,G,,
99E093,532,M,G,,
99E094,533,M,G,,
99E095,534,L,G,,
99E096,534,L, ,,
99E097,534,H,G,,
99E098,534,M,G,,
99E099,536,M,G,,
99E100,537,M,G,,
99E101,470,M,G,,
99E102,470,M,G,,
99E103,469,M,S,1,"Unit too large, recollected as 06A024-026 & 028-030"
99E104,471,M,S,1,Defensive wall
99E105,472,M,G,,
99E106,472,M,G,,
99E107,473,H,G,,
99E108,473,H,G,,
99E109,474,H,G,,
99E110,474,H,G,,
99E111,474,M,G,,
99E112,473,M,G,,
99E113,475,L,G,,
99E114,475,M,G,,
99E115,475,M,S,1,
99E116,475,H,G,,
99E117,476,L,G,,
99E118,477,M,G,,
99E119,477,M,G,,
99E120,477,M,G,,
99E121,535, ,G,,
99E122,538,M,G,,
99E123,538,M,G,,
99E124,539,M,G,,
99E125,539,M,G,,
99E126,539,M,G,,
99E127,539,M,G,,"Unit too large, recollected as 06A031-033"
99E128,540,M,G,,
99E129,541,M,G,,
99E130,541,M,G,,
99E131,542,M,G,,
99E132,549,M,G,,
99E133,543,M,G,,
99E134,543,M,G,,
99E135,544,M,G,,
99E136,545,M,G,,
99E137,546,M,G,,
99E138,547,M,G,,
99E139,547,M,G,,
99E140,548,M,G,,
99E141,548,M,G,,
99E142,549,M,G,,
99E143,550,M,G,,
99E144,551,M,G,,
99E145,552,H,G,,
99E146,553,H,G,,
99E147,553,H,G,,
